date,href,name,comments_qty,article,comments
2020-06-17,https://seekingalpha.com/article/4354413-tesla-makes-expensive-decision?source=content_type:react|section:All|sectionAsset:Analysis|first_level_url:symbol|button:Title|lock_status:No|line:7,Tesla Makes An Expensive Decision,664 Comments,"[-1.63091704e-01  1.14122003e-01 -3.95680498e-03  1.31468251e-01
 -5.35571761e-02  2.18064543e-02 -9.40702930e-02 -5.85472956e-02
 -3.76892574e-02  2.22499911e-02 -5.38938269e-02 -8.69054422e-02
 -1.95261881e-01  2.20624600e-02 -1.30943030e-01  9.54392180e-02
  1.04937114e-01  1.64648533e-01 -1.44336401e-02  1.02802645e-02
 -2.48602718e-01 -3.83514576e-02  1.07503779e-01  2.32062433e-02
 -8.33581537e-02  2.77264472e-02 -2.43235663e-01  5.57488985e-02
 -2.18974948e-02 -3.00136004e-02 -1.63158160e-02  2.17528958e-02
 -7.74978846e-02 -1.14678703e-01 -1.29371911e-01  8.75394940e-02
 -2.09650159e-01  1.18689127e-01 -6.32310435e-02  8.75495002e-02
 -3.77023630e-02 -4.86313701e-02  4.97162603e-02  8.67321119e-02
  4.92158569e-02 -2.93841753e-02 -3.81347053e-02 -1.72033846e-01
 -1.13898940e-01  7.79715031e-02 -1.73356667e-01  2.36598790e-01
 -2.40132213e-02  2.18990684e-01  4.87978831e-02  1.40076548e-01
 -1.66340634e-01 -1.03529900e-01  2.03510001e-03 -1.55592546e-01
 -1.35491312e-01 -8.06829408e-02 -1.89871386e-01 -5.74767254e-02
 -4.88973632e-02 -1.89633250e-01 -1.01978391e-01  1.17276497e-01
 -5.35062402e-02  5.12219481e-02  2.94629335e-02 -6.97534531e-02
  4.63868603e-02 -1.03109777e-02 -2.86611877e-02 -9.59751848e-03
  1.33160338e-01  1.40505405e-02  1.72158163e-02 -8.82636011e-02
 -1.35774344e-01 -1.31606795e-02 -3.17615010e-02 -4.13336186e-03
  1.27524927e-01  6.81292862e-02 -2.60326620e-02  2.16189250e-01
  2.48461422e-02  5.70550710e-02  1.51429027e-02  1.73054766e-02
 -3.75310220e-02 -1.24060579e-01  4.26916331e-02  1.05873026e-01
 -8.72844532e-02  1.00313582e-01  2.50266969e-01 -1.49120549e-02
 -6.57839552e-02 -7.54402252e-03 -6.60324767e-02 -1.17718671e-02
 -5.31816334e-02  1.37670979e-01 -7.95101672e-02  4.67785113e-02
 -3.37370532e-03  1.72096770e-02 -1.20994009e-01 -1.74192116e-01
 -4.48344834e-02 -4.93000895e-02  5.95863089e-02  1.54713064e-01
  7.74935558e-02 -3.77448387e-02 -1.86962746e-02 -2.32077613e-02
  1.07706755e-01  7.30354786e-02 -8.11587647e-03  2.42172405e-02
  1.17616765e-01 -1.60821751e-01 -1.00374825e-01 -1.20009556e-02
  5.75496964e-02  1.08141840e-01 -6.09480888e-02 -2.44905762e-02
 -7.55864829e-02 -5.12765869e-02 -1.56908482e-01  7.53536150e-02
 -3.72679979e-02  4.00999151e-02  2.22392976e-01  1.40894771e-01
  1.93638220e-01 -6.03062436e-02  4.57270108e-02 -3.74657996e-02
 -6.29841313e-02 -9.74064097e-02 -5.01390435e-02  1.58438221e-01
 -5.20204827e-02  2.18199696e-02  6.86306953e-02 -2.89503634e-01
 -5.59221171e-02 -4.78057638e-02 -1.05721980e-01 -8.94042924e-02
  8.31413567e-02  1.67476431e-01 -3.10361572e-02 -2.80532483e-02
  1.79075003e-02  7.88526684e-02  7.04872515e-03  4.03383514e-03
 -1.36904670e-02 -3.87590751e-02  1.64491996e-01  3.83003503e-02
 -1.06183738e-01  8.42649788e-02 -1.15316607e-01 -9.45484117e-02
 -4.42654788e-02 -7.33805373e-02 -2.06564199e-02  2.19504341e-01
  2.42969364e-01 -2.06949025e-01  1.19209671e-02 -8.11697617e-02
  1.93131203e-03  1.88916754e-02  4.34516482e-02 -4.16274965e-02
 -2.89402530e-02  6.62017167e-02 -4.42575812e-02  7.01326877e-02
 -2.96750944e-02  3.35805453e-02  1.14840999e-01 -5.45342565e-02
 -2.41623670e-01 -2.13918518e-02  1.19255662e-01  4.41685170e-02
 -5.88966943e-02 -1.21003892e-02  6.72271028e-02 -9.89539474e-02
 -1.07820533e-01  2.00558789e-02 -1.91197634e-01 -1.23996340e-01
  6.74871802e-02 -7.65778124e-02 -3.44999358e-02  1.04860820e-01
 -4.32935618e-02  1.49229333e-01  1.47601157e-01  8.12697113e-02
 -1.41492367e-01  3.17667890e-03 -8.39052573e-02  5.14937341e-02
  1.61417678e-01 -6.48368299e-02 -1.52765900e-01 -5.62261848e-04
 -1.19503848e-01  1.26463845e-01  6.60677850e-02 -1.38371075e-02
  5.67355892e-04 -8.32213908e-02  5.50614819e-02  5.06222658e-02
  1.09810503e-02 -1.41362473e-01  2.02336311e-02 -4.82117496e-02
 -8.74176174e-02  1.32210543e-02  5.40880254e-03  1.64175257e-02
  4.97647077e-02  9.42959413e-02  7.89681152e-02  9.28122848e-02
  8.61731321e-02  8.33837539e-02  2.59573907e-01 -6.16599880e-02
 -1.05379913e-02  7.45966658e-02 -1.43973976e-01  1.45876750e-01
  4.45742048e-02 -7.14058504e-02  6.15591966e-02  3.02614905e-02
  5.15935943e-02  1.01679921e-01 -1.81648880e-02 -1.13303497e-01
 -4.54504713e-02  5.89583255e-02  2.86129862e-02 -8.71410221e-02
  7.04558715e-02 -1.56568382e-02  1.01791397e-01 -2.44038999e-02
 -8.09146762e-02  1.74569506e-02  9.88199390e-05  4.50647483e-03
 -1.02744605e-02 -5.28525189e-02 -6.64651319e-02 -1.72208901e-02
  2.87905317e-02  9.26861633e-03  7.59413093e-02 -7.47896954e-02
 -1.63530529e-01 -1.31942555e-01 -9.51988921e-02  6.66847080e-02
 -1.01697892e-01  1.43363222e-01 -2.52159662e-03  6.84726459e-04
  5.72550716e-03  5.05491309e-02 -6.33767108e-03 -1.09356185e-02
 -5.98938242e-02 -4.14185040e-02  6.90684393e-02 -1.08239381e-02
 -1.01334319e-01  9.25380662e-02 -2.59166099e-02 -1.53731883e-01
 -1.07469216e-01 -1.91654246e-02 -1.09253302e-01  1.50417015e-01]","[-0.11710306  0.07353242  0.01090979  0.11860059 -0.06360396  0.01235837
 -0.09811361 -0.10060079 -0.03328208  0.03195735 -0.04301232 -0.07115555
 -0.13900383  0.01265042 -0.14540996  0.08925148  0.10809942  0.13136189
 -0.01933091  0.00818981 -0.20202734 -0.02668205  0.0935673   0.01982801
 -0.06871141  0.02062625 -0.22608906  0.04794156  0.00690941 -0.02836988
 -0.04366799 -0.00376993 -0.06716426 -0.15609765 -0.12000731  0.08269586
 -0.15325297  0.1310709  -0.07579051  0.08931833 -0.01691384 -0.03374501
  0.03532078  0.0734395   0.02929425  0.00317543 -0.01804572 -0.14646435
 -0.08425241  0.06582755 -0.17093961  0.21121256  0.00972816  0.18311515
  0.0236567   0.1498946  -0.15627809 -0.11521928  0.00069526 -0.12556966
 -0.13044262 -0.07535113 -0.1789047  -0.08275864 -0.04508577 -0.15403174
 -0.09123705  0.12351352 -0.02675278  0.04854961  0.04165799 -0.08930606
  0.04406536 -0.02081618 -0.03186746  0.00760114  0.102406   -0.00119382
  0.01574295 -0.08325583 -0.1389483  -0.03619086 -0.02273878 -0.00408502
  0.10602929  0.05826799 -0.07451488  0.21509588  0.06155375  0.05056555
 -0.01812167  0.0098483  -0.05224456 -0.11325812  0.02821334  0.09193562
 -0.07567675  0.09684528  0.22417745  0.00889089 -0.03312271 -0.01178842
 -0.06411186 -0.01867644 -0.03263516  0.09893573 -0.07349668  0.01654646
 -0.02047972 -0.00869363 -0.08028278 -0.13418886 -0.0750532  -0.07967574
  0.04608316  0.12744011  0.0749274  -0.02416048 -0.0146334  -0.01016663
  0.08677714  0.05889545  0.00697528  0.0109508   0.11997518 -0.1469916
 -0.07613072  0.04456858  0.06909578  0.09934856 -0.01982948 -0.0124142
 -0.07108287 -0.06330444 -0.13429981  0.05890476 -0.04316362  0.04518253
  0.16681232  0.1469943   0.16102189 -0.03159557  0.05125193 -0.0245173
 -0.07750851 -0.0978507  -0.01696325  0.15465534 -0.06639527 -0.0102835
  0.08125523 -0.24972858 -0.08477138 -0.06080765 -0.10314933 -0.04652219
  0.09622677  0.13180137 -0.02611735 -0.00130063  0.0214519   0.05997092
  0.05625019  0.00589712 -0.01248201 -0.01275009  0.15335527  0.05797912
 -0.10981411  0.04907513 -0.10966403 -0.07930969 -0.0531573  -0.09289922
 -0.03049754  0.20268397  0.20365252 -0.1847996  -0.01533048 -0.04385909
 -0.01646036  0.00436158  0.06807988  0.00671968 -0.03199945  0.02445972
 -0.00816079  0.04656526 -0.00333332  0.00343993  0.09738191 -0.08305626
 -0.21042047 -0.04069664  0.08285882  0.06216834 -0.02228082  0.00463028
  0.06202278 -0.11082046 -0.11218803  0.02738823 -0.1631431  -0.09421135
  0.02361495 -0.06528416 -0.06243218  0.09008531 -0.04269433  0.1014766
  0.1388      0.03971682 -0.11049476  0.00590342 -0.08835113  0.04498073
  0.14891092 -0.03355875 -0.1159676  -0.03419454 -0.1119526   0.11268729
  0.04111977 -0.00096784  0.00653415 -0.05463066  0.0116894   0.03814676
  0.00462009 -0.13573936  0.00913921 -0.01941909 -0.08631174  0.02121763
 -0.00381058  0.00362168  0.05069971  0.06724807  0.06047996  0.06828833
  0.07095587  0.10776518  0.21832235 -0.07331339 -0.00857974  0.05720835
 -0.11146247  0.13642794  0.03951988 -0.05533071  0.05218806  0.05998698
  0.03146144  0.09745994  0.00704601 -0.06943677 -0.03465408  0.03863138
  0.01338902 -0.11913659  0.0473075  -0.01814418  0.08623835 -0.03830634
 -0.04777398  0.0128923  -0.00921647  0.01180199 -0.00058528 -0.0353503
 -0.01971181 -0.0124963   0.00822263 -0.03275662  0.05828825 -0.06809518
 -0.1496348  -0.11219683 -0.07846336  0.06539174 -0.1057975   0.11899661
 -0.02186932 -0.00435271 -0.0031111   0.01815513  0.00928698 -0.00663251
 -0.05546473 -0.04375809  0.05753504 -0.00503524 -0.10264083  0.08569869
 -0.0316391  -0.13667709 -0.11475384 -0.00425857 -0.10457858  0.14492959]"
2020-06-17,https://seekingalpha.com/article/4354297-why-tesla-is-surging-while-ford-and-gm-struggle?source=content_type:react|section:All|sectionAsset:Analysis|first_level_url:symbol|button:Title|lock_status:No|line:8,Why Tesla Is Surging While Ford And GM Struggle,643 Comments,"[-1.70822501e-01  1.10095911e-01 -4.75302292e-03  1.34958044e-01
 -5.79957478e-02  1.83045864e-02 -9.13450569e-02 -5.90884797e-02
 -3.48031670e-02  1.91005338e-02 -5.43786511e-02 -8.63018483e-02
 -2.00108081e-01  2.21214648e-02 -1.27112791e-01  9.25452188e-02
  9.55548957e-02  1.68338105e-01 -1.58578269e-02  5.53815207e-03
 -2.46595263e-01 -3.50984000e-02  1.13791689e-01  1.88849997e-02
 -8.06066021e-02  3.07702869e-02 -2.52552330e-01  5.55177554e-02
 -2.89645139e-02 -2.44200192e-02 -7.04213092e-03  2.75541972e-02
 -7.09179342e-02 -1.07900240e-01 -1.33472800e-01  9.40030739e-02
 -2.16054261e-01  1.22494489e-01 -5.92980646e-02  8.94125625e-02
 -4.05989736e-02 -4.90933470e-02  6.38877004e-02  8.87987688e-02
  4.71107811e-02 -2.81457361e-02 -3.01387236e-02 -1.70284137e-01
 -1.11310385e-01  7.91562870e-02 -1.66733488e-01  2.33068794e-01
 -2.57453658e-02  2.36450776e-01  4.92312089e-02  1.31029800e-01
 -1.55373439e-01 -9.99091044e-02 -5.18689398e-03 -1.55482844e-01
 -1.33466095e-01 -7.56315142e-02 -1.89868554e-01 -5.67847788e-02
 -4.28973176e-02 -1.95859820e-01 -1.02639586e-01  1.14940695e-01
 -5.41094951e-02  4.43536080e-02  2.80298814e-02 -7.05695599e-02
  4.04122993e-02 -1.27738882e-02 -3.57305370e-02 -1.25583811e-02
  1.33677885e-01  1.87394917e-02  1.71237402e-02 -8.97472054e-02
 -1.38513669e-01 -1.24006914e-02 -3.39175686e-02 -1.61799835e-03
  1.25630006e-01  6.95537850e-02 -2.02132761e-02  2.19429359e-01
  1.61676127e-02  5.14780879e-02  1.60461906e-02  2.96337809e-02
 -3.46153826e-02 -1.26298860e-01  4.67523895e-02  1.04629233e-01
 -8.90161246e-02  9.47255418e-02  2.51786143e-01 -1.17482319e-02
 -7.02514648e-02 -1.27530284e-02 -6.43965304e-02 -1.16981808e-02
 -5.67141771e-02  1.41611099e-01 -7.66704530e-02  5.24078310e-02
 -7.80385267e-03  1.76388863e-02 -1.32754117e-01 -1.73099473e-01
 -4.37175408e-02 -4.69649471e-02  6.94232509e-02  1.53588682e-01
  7.56161660e-02 -4.62463051e-02 -1.88488718e-02 -2.62763090e-02
  1.09045275e-01  6.86819926e-02 -9.87954065e-03  2.83615347e-02
  1.15796238e-01 -1.61615431e-01 -9.81309935e-02 -1.13980556e-02
  5.79161122e-02  9.98749360e-02 -7.48365894e-02 -2.42294408e-02
 -7.48386979e-02 -4.84322384e-02 -1.61094874e-01  7.02276900e-02
 -4.31718864e-02  3.62138934e-02  2.32607186e-01  1.35263845e-01
  1.93579063e-01 -6.60540164e-02  4.99383956e-02 -3.31448391e-02
 -6.24341033e-02 -9.05094817e-02 -5.41122295e-02  1.56616956e-01
 -4.91210707e-02  2.56897695e-02  6.98353052e-02 -2.94957370e-01
 -5.53103760e-02 -4.53110784e-02 -1.05114907e-01 -8.52386504e-02
  7.95796588e-02  1.71542510e-01 -3.15960981e-02 -2.90737748e-02
  2.23858580e-02  8.47024471e-02  4.27037338e-03  8.81368481e-03
 -1.57216173e-02 -5.07845469e-02  1.63482741e-01  4.30646949e-02
 -1.04040809e-01  8.96097049e-02 -1.20387644e-01 -9.04868841e-02
 -4.06598300e-02 -7.59143382e-02 -1.94783192e-02  2.17736065e-01
  2.43098527e-01 -2.07107067e-01  1.27314972e-02 -8.74543041e-02
  3.26590403e-03  2.41293721e-02  4.62825857e-02 -4.02148440e-02
 -2.43453160e-02  7.04407841e-02 -4.71898802e-02  7.32853189e-02
 -3.05466186e-02  3.59614193e-02  1.15752421e-01 -4.56677414e-02
 -2.44556516e-01 -1.99225117e-02  1.19696610e-01  4.38621230e-02
 -6.22149333e-02 -1.39553081e-02  7.03952461e-02 -9.96269658e-02
 -1.05688974e-01  2.10485458e-02 -1.98603317e-01 -1.25451252e-01
  6.74742609e-02 -7.21046180e-02 -3.82731594e-02  1.01171486e-01
 -4.00524661e-02  1.53503567e-01  1.43527985e-01  8.68264288e-02
 -1.42153308e-01  2.90396251e-03 -9.02461931e-02  4.57985662e-02
  1.57469869e-01 -6.58806190e-02 -1.52320996e-01  4.05882206e-03
 -1.25209093e-01  1.35188371e-01  6.97446018e-02 -1.18847126e-02
  9.93866846e-03 -8.07965472e-02  6.03488907e-02  5.72103783e-02
  5.07836603e-03 -1.40230045e-01  2.42863372e-02 -5.01823612e-02
 -8.89565125e-02  1.40275843e-02  9.37536824e-03  1.78061929e-02
  5.06221950e-02  9.29030254e-02  8.38379785e-02  9.38230753e-02
  9.08616334e-02  8.59732628e-02  2.60642469e-01 -6.19455539e-02
 -1.44627839e-02  8.26447979e-02 -1.48596317e-01  1.46621332e-01
  4.26172838e-02 -7.59481788e-02  7.47687668e-02  2.65407320e-02
  5.18523194e-02  9.82133672e-02 -1.15041267e-02 -1.15326643e-01
 -3.86249907e-02  6.10440299e-02  2.73362231e-02 -7.94622824e-02
  7.52578154e-02 -1.84109248e-02  9.74902287e-02 -2.21807137e-02
 -8.32775161e-02  2.08098460e-02 -8.44322349e-05  5.26273064e-03
 -1.23411985e-02 -6.18945509e-02 -7.02816695e-02 -1.86165962e-02
  4.09080684e-02  1.53617878e-02  7.77608827e-02 -8.02338049e-02
 -1.63352057e-01 -1.34760350e-01 -9.99013484e-02  6.78018704e-02
 -1.00564845e-01  1.52372822e-01  9.46007029e-04  6.23211078e-03
  1.05863682e-03  5.68259247e-02 -5.11346059e-03 -2.02779230e-02
 -5.92141077e-02 -4.22117412e-02  6.80768043e-02 -2.43755872e-03
 -9.52673703e-02  9.01606604e-02 -2.78196577e-02 -1.57292992e-01
 -1.07913963e-01 -2.04147547e-02 -1.06371015e-01  1.47100940e-01]","[-1.16601177e-01  7.23395497e-02  8.58140271e-03  1.13859594e-01
 -6.31748959e-02  1.21783111e-02 -1.00275233e-01 -1.04512185e-01
 -3.21120322e-02  3.49844359e-02 -4.43909317e-02 -7.29146749e-02
 -1.37608230e-01  9.93364677e-03 -1.49624884e-01  8.97230804e-02
  1.12114854e-01  1.30562186e-01 -1.51181277e-02  7.67517090e-03
 -2.01392159e-01 -2.86262333e-02  9.49805677e-02  2.49242131e-02
 -6.81324229e-02  1.95973050e-02 -2.22948775e-01  4.09413278e-02
  1.07670929e-02 -3.29471454e-02 -5.06630391e-02 -6.63564401e-03
 -6.71071932e-02 -1.59112424e-01 -1.15286462e-01  8.22054073e-02
 -1.51538283e-01  1.28054559e-01 -7.43752867e-02  8.98961946e-02
 -1.52908852e-02 -3.39169540e-02  3.34401615e-02  6.82004765e-02
  2.99793761e-02  3.29946657e-03 -1.38244405e-02 -1.45023033e-01
 -8.77296180e-02  6.47803992e-02 -1.73885033e-01  2.10344598e-01
  1.18197734e-02  1.77587226e-01  2.46371515e-02  1.51681840e-01
 -1.58602655e-01 -1.17380843e-01  2.19915106e-04 -1.24139369e-01
 -1.28209829e-01 -7.28949159e-02 -1.78857654e-01 -8.48119482e-02
 -4.64251712e-02 -1.50611088e-01 -9.15511772e-02  1.24504350e-01
 -2.80807316e-02  5.16269058e-02  4.73415777e-02 -8.57870132e-02
  4.36046198e-02 -2.23179962e-02 -3.09018753e-02  7.69441994e-03
  1.02523543e-01 -4.58552910e-04  1.85488556e-02 -8.32713321e-02
 -1.41222730e-01 -3.70455384e-02 -2.85110027e-02 -5.87588362e-03
  1.03243381e-01  5.58856651e-02 -7.41612241e-02  2.09162831e-01
  6.47623762e-02  4.95265424e-02 -1.92669388e-02  1.10305259e-02
 -5.47879115e-02 -1.15528457e-01  2.64159460e-02  9.07288045e-02
 -7.44070634e-02  1.00815080e-01  2.26484105e-01  1.38261952e-02
 -3.40372734e-02 -1.04444660e-02 -6.16598018e-02 -1.59557816e-02
 -3.14293355e-02  9.58829001e-02 -7.79236779e-02  9.31307953e-03
 -1.73557326e-02 -1.19539462e-02 -7.98130259e-02 -1.38736591e-01
 -7.92060271e-02 -7.75040388e-02  4.76916507e-02  1.27170429e-01
  7.28981420e-02 -2.41226554e-02 -1.88234914e-02 -1.05037028e-02
  8.62902030e-02  6.00730628e-02  5.67188486e-03  1.16871800e-02
  1.21574752e-01 -1.45900577e-01 -8.07501674e-02  4.51228693e-02
  6.56879023e-02  9.93049443e-02 -1.49043296e-02 -1.01134200e-02
 -7.21782818e-02 -6.88755438e-02 -1.32117391e-01  5.71678653e-02
 -4.51423153e-02  4.71863151e-02  1.62924409e-01  1.51080862e-01
  1.61423087e-01 -2.82508805e-02  5.28338216e-02 -2.49218773e-02
 -7.84750730e-02 -9.72286314e-02 -1.44621748e-02  1.53347671e-01
 -6.80994466e-02 -1.26236221e-02  8.13642517e-02 -2.46936485e-01
 -8.59435201e-02 -6.45976439e-02 -1.03938922e-01 -4.63984683e-02
  9.62544605e-02  1.30612060e-01 -2.87611950e-02 -1.55850116e-03
  2.06823461e-02  5.94838448e-02  5.67749739e-02  1.84600649e-03
 -1.60800461e-02 -1.00643989e-02  1.54420093e-01  5.84941283e-02
 -1.10987082e-01  4.78213951e-02 -1.07859291e-01 -7.45868906e-02
 -5.64546250e-02 -9.01965424e-02 -3.15476656e-02  2.00286970e-01
  2.01376900e-01 -1.81778133e-01 -1.69028789e-02 -4.53743786e-02
 -1.85597707e-02  4.84963134e-03  6.86653107e-02  1.20933792e-02
 -3.14183608e-02  2.18295828e-02 -7.26932241e-03  4.56612669e-02
 -5.37170738e-04  1.73235487e-03  9.87654924e-02 -8.67249966e-02
 -2.05031469e-01 -4.08824161e-02  8.24976489e-02  5.93037233e-02
 -1.73053965e-02  7.11427908e-03  5.74095286e-02 -1.08473502e-01
 -1.15122743e-01  2.75765788e-02 -1.60823345e-01 -9.58699733e-02
  2.31926572e-02 -6.47643059e-02 -6.05056584e-02  9.15846527e-02
 -4.17123996e-02  9.95897278e-02  1.40161887e-01  3.42363939e-02
 -1.11082472e-01  2.25527538e-03 -8.80449638e-02  4.57561091e-02
  1.49303824e-01 -3.31472643e-02 -1.16491035e-01 -3.51590551e-02
 -1.09384380e-01  1.08688444e-01  3.46217528e-02  1.25332538e-03
  2.34038243e-03 -5.40911779e-02  1.25567997e-02  3.36916186e-02
  2.48889276e-03 -1.40293077e-01  7.48110376e-03 -1.98494699e-02
 -8.66270736e-02  2.11941954e-02 -2.86672311e-03  1.96077093e-03
  5.01514748e-02  6.34217411e-02  6.09558038e-02  6.74800649e-02
  6.99074417e-02  1.11370765e-01  2.19174176e-01 -7.29311332e-02
 -1.08644553e-02  5.47846667e-02 -1.07660227e-01  1.41029969e-01
  4.08524051e-02 -5.80238253e-02  5.03584705e-02  6.52065948e-02
  3.19649689e-02  9.86843333e-02  9.70827322e-03 -6.65947050e-02
 -3.67495641e-02  3.35265398e-02  1.10867601e-02 -1.24777958e-01
  4.30963002e-02 -1.85916834e-02  8.67153928e-02 -3.79746109e-02
 -4.60747480e-02  7.56572839e-03 -1.06494073e-02  1.30712138e-02
  2.32008123e-03 -3.25594060e-02 -1.50314420e-02 -1.12693170e-02
  9.50640067e-03 -3.51721682e-02  6.23140894e-02 -6.48278967e-02
 -1.47008091e-01 -1.10101283e-01 -7.66341984e-02  6.69448674e-02
 -1.05834082e-01  1.16160795e-01 -2.06766240e-02 -3.70556186e-03
 -6.69720524e-04  1.81263015e-02  5.31877298e-03 -3.42388800e-03
 -5.70386685e-02 -3.95342074e-02  5.93203716e-02 -5.19798556e-03
 -1.06663890e-01  8.53062794e-02 -2.89078206e-02 -1.34155631e-01
 -1.16075888e-01 -6.54865149e-03 -1.04330316e-01  1.50380284e-01]"
2020-06-24,https://seekingalpha.com/article/4355293-tesla-quality-issues-and-soft-demand-plague-model-y-rollout?source=content_type:react|section:All|sectionAsset:Analysis|first_level_url:symbol|button:Title|lock_status:No|line:6,Tesla: Quality Issues And Soft Demand Plague Model Y Rollout,526 Comments,"[-1.70091778e-01  1.19742423e-01 -7.89469294e-03  1.35804161e-01
 -5.46107292e-02  1.94917191e-02 -9.91973281e-02 -5.63901663e-02
 -3.82588655e-02  1.61231980e-02 -5.34666516e-02 -9.06510577e-02
 -1.99309826e-01  2.69874781e-02 -1.29991204e-01  9.92249772e-02
  1.04099795e-01  1.73774153e-01 -1.25971111e-02  7.36519741e-03
 -2.52026200e-01 -4.15979326e-02  1.11984499e-01  2.31119096e-02
 -8.19222331e-02  2.40412876e-02 -2.50020385e-01  5.66114075e-02
 -3.09659373e-02 -3.03481929e-02 -9.59792268e-03  2.73047350e-02
 -7.82248974e-02 -1.06845193e-01 -1.29000932e-01  8.51227790e-02
 -2.16774344e-01  1.21748321e-01 -5.84838539e-02  8.74083340e-02
 -3.84977870e-02 -4.42045256e-02  5.36647029e-02  8.46667886e-02
  4.89687733e-02 -3.45844999e-02 -3.52265611e-02 -1.72332615e-01
 -1.14047177e-01  7.76712149e-02 -1.69434622e-01  2.38830015e-01
 -2.97740176e-02  2.28638217e-01  5.64585663e-02  1.37314439e-01
 -1.58131555e-01 -1.04505137e-01  3.58396937e-04 -1.62888482e-01
 -1.35086000e-01 -8.26351121e-02 -1.90176472e-01 -5.57087325e-02
 -4.78976592e-02 -2.00932771e-01 -1.07944854e-01  1.13388076e-01
 -5.48854768e-02  4.98409644e-02  2.36404464e-02 -6.96892738e-02
  4.58685458e-02 -1.28127113e-02 -3.41224931e-02 -1.27638215e-02
  1.37800232e-01  1.96191818e-02  1.67152472e-02 -8.99876207e-02
 -1.40871257e-01 -9.95895825e-03 -3.47820148e-02 -2.90184910e-03
  1.24393873e-01  7.00569376e-02 -1.86943747e-02  2.21399695e-01
  2.05582473e-02  5.89634031e-02  2.20459644e-02  1.80519745e-02
 -3.85974459e-02 -1.26501247e-01  4.53211144e-02  1.03451155e-01
 -8.94744992e-02  9.99117643e-02  2.50993043e-01 -1.78740807e-02
 -7.16505721e-02 -7.68906390e-03 -6.74865320e-02 -8.88904557e-03
 -5.23150787e-02  1.44057885e-01 -7.79954195e-02  5.08388318e-02
 -6.31645368e-03  2.24906802e-02 -1.26575410e-01 -1.79574996e-01
 -4.43468466e-02 -4.38453443e-02  6.41599372e-02  1.56758085e-01
  7.27994889e-02 -4.59703952e-02 -2.07879096e-02 -2.21422166e-02
  1.11755446e-01  7.45667294e-02 -8.31679814e-03  3.13853286e-02
  1.17830060e-01 -1.67398334e-01 -9.73832533e-02 -1.75890606e-02
  5.06128147e-02  1.07067205e-01 -7.03255609e-02 -2.63861511e-02
 -7.61853755e-02 -5.47050722e-02 -1.60827890e-01  7.56596327e-02
 -3.76540571e-02  4.28053327e-02  2.31686160e-01  1.39226913e-01
  1.95686579e-01 -6.48573264e-02  4.84056287e-02 -3.52435820e-02
 -6.40173703e-02 -9.40135568e-02 -5.41728549e-02  1.61295921e-01
 -5.25670014e-02  2.43652463e-02  6.63428605e-02 -2.95359075e-01
 -5.51374964e-02 -4.44592014e-02 -1.04079552e-01 -8.66566226e-02
  8.24097469e-02  1.72104403e-01 -3.39249484e-02 -2.70601269e-02
  1.83795858e-02  8.66554901e-02  9.20910155e-04  5.78199327e-03
 -1.42745683e-02 -4.50646393e-02  1.68034732e-01  4.12018187e-02
 -1.06346942e-01  8.87632221e-02 -1.16111673e-01 -9.25111324e-02
 -4.08526771e-02 -7.43996352e-02 -1.54182389e-02  2.20020711e-01
  2.46843696e-01 -2.08864883e-01  1.10194916e-02 -8.42217356e-02
 -1.43158110e-03  2.66542640e-02  4.23631854e-02 -4.81791683e-02
 -2.86185313e-02  7.20109120e-02 -5.15020266e-02  7.60525465e-02
 -3.54647599e-02  3.91599275e-02  1.20889969e-01 -5.23599796e-02
 -2.47777238e-01 -1.91591531e-02  1.24551132e-01  4.05470245e-02
 -5.85165471e-02 -1.48208793e-02  7.11951852e-02 -9.66289565e-02
 -1.04529358e-01  2.29977481e-02 -1.97473362e-01 -1.29785597e-01
  7.01942444e-02 -7.55949318e-02 -3.06435283e-02  1.04702018e-01
 -4.22435962e-02  1.54703900e-01  1.48453236e-01  8.31841454e-02
 -1.42496273e-01  1.84287690e-03 -8.63846391e-02  4.90979068e-02
  1.59750298e-01 -6.61220476e-02 -1.56759530e-01  4.73728916e-03
 -1.23012282e-01  1.32216498e-01  7.09889904e-02 -1.44809894e-02
  4.18795506e-03 -8.60851705e-02  6.73597828e-02  5.46177737e-02
  7.77151156e-03 -1.40880451e-01  1.95488706e-02 -5.21047264e-02
 -9.17660818e-02  1.04165282e-02  7.18084862e-03  1.85056031e-02
  4.60169129e-02  9.63827074e-02  8.11140165e-02  9.49084908e-02
  9.04462710e-02  7.99894482e-02  2.65406519e-01 -5.89608029e-02
 -7.94520695e-03  8.24610442e-02 -1.49682045e-01  1.45742953e-01
  4.12842073e-02 -7.02951699e-02  6.86479658e-02  2.32986566e-02
  5.44946194e-02  1.02798983e-01 -1.80047564e-02 -1.19532071e-01
 -4.64207456e-02  6.57970607e-02  2.96924077e-02 -8.23372453e-02
  7.34333172e-02 -1.55216893e-02  1.00188009e-01 -2.29693670e-02
 -8.19746405e-02  2.05436554e-02  2.51560053e-03  7.49237230e-03
 -6.67393208e-03 -5.26379943e-02 -6.89276233e-02 -1.77420173e-02
  3.86277437e-02  1.55177861e-02  7.44951889e-02 -7.45355785e-02
 -1.65510222e-01 -1.33387223e-01 -9.48966816e-02  6.53334185e-02
 -1.05459787e-01  1.49375364e-01 -3.09902010e-03  1.96495839e-05
  5.80036175e-03  5.97725250e-02 -9.36706178e-03 -1.64435189e-02
 -5.89963682e-02 -4.11476828e-02  6.50774986e-02 -8.74439813e-03
 -1.01803012e-01  9.26246196e-02 -2.41552554e-02 -1.58688053e-01
 -1.05670094e-01 -2.08238494e-02 -1.06516905e-01  1.52403578e-01]","[-0.10882322  0.07097524  0.01757918  0.11489992 -0.06249224  0.01301645
 -0.09965736 -0.10446608 -0.03166402  0.03322753 -0.03981469 -0.06956861
 -0.12973534  0.01058343 -0.1501359   0.08586659  0.11879928  0.12574951
 -0.0136418   0.01390711 -0.19433276 -0.02392569  0.09099656  0.02795051
 -0.0705958   0.02086849 -0.22152582  0.04557664  0.01508362 -0.02719619
 -0.05176897 -0.00428309 -0.07152156 -0.16178788 -0.11529109  0.0801867
 -0.14226325  0.13180807 -0.08291458  0.09011471 -0.01419905 -0.02719981
  0.02524395  0.06568018  0.02578896  0.00604206 -0.01747943 -0.1473132
 -0.08150382  0.06186001 -0.17463605  0.2068769   0.01996837  0.16669725
  0.01743975  0.15914476 -0.15910172 -0.11757033  0.00627718 -0.12027965
 -0.1314497  -0.07772404 -0.17924209 -0.08674689 -0.05230539 -0.14574295
 -0.08695759  0.12794416 -0.0237567   0.04854749  0.04735973 -0.08915706
  0.04289589 -0.01918718 -0.03033421  0.0152826   0.095054   -0.00266297
  0.01834556 -0.08205533 -0.13690451 -0.04202368 -0.02106886 -0.00322741
  0.10336722  0.05344995 -0.08451482  0.21662706  0.06877784  0.05057459
 -0.01910317  0.00385015 -0.05422535 -0.10743206  0.02591481  0.09406104
 -0.07224306  0.10457747  0.2196306   0.01318185 -0.02012925 -0.01020619
 -0.05887829 -0.01787448 -0.0270675   0.0909408  -0.07507906  0.0136313
 -0.02383264 -0.01688389 -0.06967463 -0.13016339 -0.08363193 -0.08517557
  0.04467344  0.12270465  0.06826192 -0.02122339 -0.00930283 -0.00777773
  0.08473461  0.0562693   0.00568756  0.00232322  0.11826894 -0.14102602
 -0.07970528  0.05625448  0.0709459   0.09884229 -0.00922125 -0.01697311
 -0.07566252 -0.0637992  -0.12488227  0.05909606 -0.04777933  0.04847422
  0.14823666  0.14489186  0.16212966 -0.02250027  0.05072811 -0.01995918
 -0.08027288 -0.09891899 -0.01437157  0.15192197 -0.06702683 -0.01052962
  0.08157119 -0.24009572 -0.08702106 -0.06089456 -0.10153198 -0.04719076
  0.10048278  0.12115249 -0.02373747  0.00113735  0.02146956  0.05343487
  0.05723916  0.00442778 -0.01589692 -0.00692617  0.15585363  0.05612773
 -0.11827154  0.04268461 -0.10623672 -0.07976148 -0.05638789 -0.09508854
 -0.03470646  0.20973772  0.20244956 -0.17841811 -0.02056162 -0.03892491
 -0.01980273 -0.00344745  0.07273711  0.01067198 -0.03532842  0.02062688
 -0.00408759  0.03712481  0.00275386 -0.00390442  0.08978955 -0.08838773
 -0.21177153 -0.04620723  0.07815281  0.06562902 -0.01951215  0.00122785
  0.06594769 -0.11752478 -0.10945817  0.03306438 -0.15443932 -0.08919628
  0.01426723 -0.0655783  -0.06224404  0.08954986 -0.0423505   0.09184252
  0.13907482  0.03668148 -0.10562506  0.00912665 -0.08247402  0.04649009
  0.15003888 -0.02786454 -0.11390562 -0.03830609 -0.10578512  0.10582614
  0.03656562 -0.00219722 -0.00282473 -0.05106402  0.00406387  0.03330945
  0.01250316 -0.13172321  0.00469699 -0.01579512 -0.08012533  0.0223147
 -0.00270522  0.00040856  0.05347147  0.0671967   0.05252261  0.06402799
  0.07178546  0.10749279  0.2075773  -0.07364015 -0.00937739  0.04793218
 -0.10277897  0.13739036  0.04120354 -0.05059726  0.04086879  0.07073154
  0.02917551  0.09954207  0.00375472 -0.05863509 -0.03327624  0.03464821
  0.01000846 -0.12699397  0.03688314 -0.01800989  0.09004983 -0.04430813
 -0.04628216  0.01614406 -0.00906707  0.01208809  0.00118009 -0.03359544
 -0.01099012 -0.00909979 -0.00060929 -0.04316945  0.05383424 -0.06519724
 -0.1450624  -0.11033727 -0.0760835   0.06677599 -0.10662454  0.11119212
 -0.02613248 -0.00480639 -0.00064047  0.0113932   0.01190274 -0.0024129
 -0.05328163 -0.04445917  0.05891941 -0.01072084 -0.10568304  0.08721333
 -0.02571371 -0.13652626 -0.11307486  0.0008421  -0.10391422  0.14584051]"
2020-06-25,https://seekingalpha.com/article/4355755-tesla-ignoring-quality-issues-is-no-longer-option?source=content_type:react|section:All|sectionAsset:Analysis|first_level_url:symbol|button:Title|lock_status:No|line:3,Tesla: Ignoring Quality Issues Is No Longer An Option,233 Comments,"[-0.17078684  0.11602321 -0.0048533   0.13077436 -0.05675835  0.01969726
 -0.09125623 -0.05723141 -0.03773401  0.01965428 -0.05597826 -0.08754139
 -0.19550844  0.02443343 -0.12649958  0.0965253   0.10683849  0.16676472
 -0.01451441  0.00767827 -0.24689409 -0.03413739  0.11379565  0.02101009
 -0.08306073  0.02767965 -0.24629034  0.05245738 -0.03231426 -0.03017913
 -0.01070938  0.02741074 -0.0792421  -0.10552161 -0.12949733  0.08925787
 -0.22030605  0.12209503 -0.05515926  0.08816081 -0.04392378 -0.04896598
  0.06016735  0.08806877  0.05066245 -0.03038333 -0.03125815 -0.1702867
 -0.11283357  0.08058798 -0.16395983  0.23907906 -0.02254931  0.22904874
  0.05292414  0.13384858 -0.16076614 -0.09866931 -0.00039956 -0.1559197
 -0.13405748 -0.07546064 -0.18796301 -0.05766823 -0.04739878 -0.19186468
 -0.10038054  0.113098   -0.05304845  0.04838648  0.02653405 -0.06894688
  0.04477417 -0.01157987 -0.0330257  -0.00561126  0.13861038  0.01868434
  0.02187513 -0.08832108 -0.13597415 -0.01139149 -0.03204213 -0.00110333
  0.12738325  0.0676011  -0.02053802  0.21251227  0.01453171  0.05278862
  0.01856094  0.02491178 -0.03701713 -0.1259067   0.04374561  0.10509642
 -0.08723719  0.09494688  0.25448146 -0.01281285 -0.06969167 -0.00734123
 -0.06527226 -0.01054573 -0.05333127  0.14384042 -0.07648452  0.05041794
 -0.00184776  0.02214555 -0.13198963 -0.1771432  -0.04453196 -0.04772061
  0.06857497  0.15338287  0.0757128  -0.04722816 -0.01818506 -0.02618028
  0.10917402  0.07377547 -0.01405376  0.0307183   0.11388116 -0.15892741
 -0.10032319 -0.01321673  0.05444601  0.10186708 -0.07543533 -0.02388101
 -0.07169804 -0.05082037 -0.15788153  0.07377731 -0.03902191  0.037676
  0.2286508   0.13453172  0.1966894  -0.06423356  0.04801838 -0.03367462
 -0.0624585  -0.09448598 -0.05091093  0.15384711 -0.04859224  0.02064735
  0.06542146 -0.29196995 -0.05183116 -0.04759645 -0.10305893 -0.09002
  0.07864951  0.1753006  -0.03367814 -0.02965915  0.02101523  0.08161958
  0.00461711  0.00722866 -0.01161242 -0.0455532   0.16881494  0.03800897
 -0.10255766  0.09080265 -0.1150967  -0.09005088 -0.03933925 -0.07693413
 -0.01971042  0.2169675   0.2412515  -0.20620327  0.01168531 -0.08558378
 -0.00150234  0.02356446  0.04041706 -0.04738144 -0.02757556  0.07137579
 -0.05080461  0.07566652 -0.02865538  0.03860668  0.11934534 -0.04615999
 -0.24353127 -0.02175985  0.12283102  0.04067411 -0.06064445 -0.01177724
  0.07023951 -0.09735543 -0.10252444  0.01711403 -0.19532113 -0.12796222
  0.0704703  -0.06989812 -0.03276512  0.10192632 -0.0431754   0.15244906
  0.14712521  0.08643375 -0.14106147  0.00769644 -0.08731925  0.0500214
  0.16076188 -0.0709714  -0.15652958  0.00846364 -0.12253115  0.12872116
  0.06708086 -0.01255481  0.00474117 -0.08370769  0.06266206  0.05047853
  0.0042538  -0.1416829   0.02516272 -0.05522902 -0.08950542  0.0138101
  0.00791126  0.01675449  0.0508287   0.09021236  0.08316015  0.09475815
  0.0865032   0.07753041  0.2605805  -0.05933911 -0.01095132  0.08111793
 -0.1464554   0.1467851   0.04244332 -0.07498323  0.07120343  0.02436682
  0.05109809  0.10400972 -0.01277166 -0.115933   -0.04221524  0.06349401
  0.02519558 -0.07804938  0.07544477 -0.01430377  0.10167775 -0.02006173
 -0.07824786  0.02010247  0.00131521  0.00763476 -0.00982841 -0.05157981
 -0.07438552 -0.01461661  0.04049489  0.012069    0.07683269 -0.07673988
 -0.16326326 -0.13289621 -0.09817154  0.06592364 -0.10516918  0.14949079
 -0.00109998  0.00288028  0.00373244  0.05861216 -0.00942884 -0.01680998
 -0.06149805 -0.04149488  0.06849696 -0.00714283 -0.10384227  0.08729556
 -0.02951577 -0.15995386 -0.10253061 -0.02276539 -0.10210625  0.15271302]","[-1.40524761e-01  9.00199676e-02  3.36854280e-03  1.26492231e-01
 -5.28744876e-02  1.63270425e-02 -9.51199153e-02 -7.54903442e-02
 -3.07659853e-02  2.94544496e-02 -5.80595815e-02 -7.87798463e-02
 -1.72232487e-01  1.62447362e-02 -1.29542665e-01  9.24443487e-02
  1.07983472e-01  1.58560516e-01 -2.30754873e-02  4.21237380e-03
 -2.33548455e-01 -3.67176776e-02  1.00296961e-01  2.24528516e-02
 -7.37504088e-02  2.01530990e-02 -2.42602902e-01  5.63135534e-02
 -1.35219392e-02 -2.87066478e-02 -2.44646908e-02  1.52459281e-02
 -7.10650189e-02 -1.33832083e-01 -1.33399901e-01  8.36471218e-02
 -1.89357569e-01  1.29913695e-01 -6.37181364e-02  8.69271351e-02
 -2.64218160e-02 -4.18506653e-02  5.00783525e-02  8.60644307e-02
  4.03132667e-02 -1.70051652e-02 -2.77876782e-02 -1.62864351e-01
 -1.00417434e-01  6.77656663e-02 -1.72984378e-01  2.26228155e-01
 -1.06861100e-02  2.05035856e-01  3.72073275e-02  1.37700569e-01
 -1.52841220e-01 -1.02352073e-01 -5.79990907e-03 -1.40246515e-01
 -1.33714299e-01 -7.21186519e-02 -1.82056410e-01 -7.08012386e-02
 -3.62658904e-02 -1.83267119e-01 -9.47101176e-02  1.13921597e-01
 -3.36279238e-02  5.30149278e-02  2.31161456e-02 -7.56665208e-02
  4.63656353e-02 -1.13486574e-02 -2.89923307e-02 -8.79177003e-04
  1.22746389e-01  7.14449877e-03  7.92127754e-03 -8.44789434e-02
 -1.31908161e-01 -2.05288226e-02 -2.61932670e-02  1.12953374e-03
  1.13543959e-01  6.42656438e-02 -4.09563203e-02  2.11666304e-01
  4.16871005e-02  5.55781040e-02  5.11495567e-03  1.87604072e-02
 -4.02374592e-02 -1.15458610e-01  3.81111509e-02  9.58122729e-02
 -7.61530477e-02  9.51305100e-02  2.37277928e-01 -3.51370780e-03
 -5.63090924e-02 -8.15909347e-03 -6.55248207e-02 -1.94070413e-02
 -4.70707139e-02  1.23630877e-01 -7.80148486e-02  3.23656067e-02
 -1.34575215e-02  3.85059194e-03 -1.06440793e-01 -1.53051051e-01
 -5.55549112e-02 -6.85994880e-02  5.81734873e-02  1.45636368e-01
  7.65079814e-02 -2.80686594e-02 -1.44060393e-02 -1.76101034e-02
  9.81202018e-02  6.37805505e-02  1.55137436e-03  2.08768581e-02
  1.25520011e-01 -1.52422022e-01 -8.20234269e-02  1.13383145e-02
  6.44295533e-02  1.03329796e-01 -4.63020607e-02 -1.48556027e-02
 -6.73233269e-02 -5.74946257e-02 -1.43304785e-01  6.84311413e-02
 -3.91021240e-02  4.39309429e-02  2.02150881e-01  1.45784447e-01
  1.76095498e-01 -4.85261303e-02  4.31820078e-02 -2.84165311e-02
 -6.68450874e-02 -9.81494326e-02 -3.02238127e-02  1.54186451e-01
 -5.98523876e-02  8.31766729e-03  7.85515088e-02 -2.81399089e-01
 -6.41236608e-02 -5.34069802e-02 -1.10966037e-01 -6.81317066e-02
  8.11685934e-02  1.62891125e-01 -3.47104394e-02 -1.72310998e-02
  1.87282155e-02  7.45053988e-02  3.36798354e-02  1.34601753e-02
 -1.08198459e-02 -2.56288044e-02  1.55227045e-01  4.67121998e-02
 -1.07742868e-01  7.78259202e-02 -1.17529313e-01 -8.81475584e-02
 -3.27947540e-02 -7.58515582e-02 -2.90003449e-02  2.05527700e-01
  2.16099295e-01 -1.92515368e-01  4.36800799e-03 -6.50747060e-02
 -4.67585717e-03  1.57054120e-02  5.35364299e-02 -1.12450543e-02
 -3.27432485e-02  4.75247333e-02 -2.92889529e-02  6.14752975e-02
 -1.31118257e-02  1.67102325e-02  1.08118185e-01 -6.81464790e-02
 -2.18417962e-01 -3.15989878e-02  9.92223025e-02  5.19982259e-02
 -4.17242772e-02 -3.68133816e-03  6.57754260e-02 -1.01345979e-01
 -1.15479662e-01  3.00682246e-02 -1.82746712e-01 -1.14423838e-01
  5.48289437e-02 -6.73293069e-02 -4.68322051e-02  9.78912910e-02
 -4.43914678e-02  1.31949011e-01  1.42271700e-01  6.14093200e-02
 -1.33051043e-01  4.77410323e-03 -8.94372767e-02  4.90324197e-02
  1.52488074e-01 -6.14919676e-02 -1.35006189e-01 -5.69702275e-03
 -1.19361815e-01  1.27483867e-01  5.81989704e-02 -6.99557710e-03
  1.05173435e-02 -7.20085278e-02  3.30499705e-02  4.94796263e-02
  2.69477835e-03 -1.35121965e-01  1.58144523e-02 -3.85800997e-02
 -8.91478632e-02  2.07616842e-02 -4.88918370e-03  1.45991250e-02
  4.37112784e-02  7.79825323e-02  7.77668647e-02  8.09819791e-02
  7.29551086e-02  9.97353159e-02  2.44755823e-01 -6.80020999e-02
 -7.53717281e-03  7.58038687e-02 -1.31367726e-01  1.47601371e-01
  3.24733450e-02 -7.11420825e-02  6.25237423e-02  4.20829723e-02
  4.45443185e-02  1.00429776e-01 -2.45878017e-03 -1.00009991e-01
 -3.51870884e-02  4.17352132e-02  2.59935255e-02 -9.05308239e-02
  6.91454936e-02 -1.34997959e-02  8.82970641e-02 -2.60217375e-02
 -6.52794035e-02  1.55230233e-02 -1.35581278e-03  1.05500984e-02
 -5.04160477e-03 -5.13575274e-02 -6.08150720e-02 -1.29457898e-02
  3.10781206e-02 -1.36425589e-02  7.69512423e-02 -6.79614416e-02
 -1.63246086e-01 -1.21692811e-01 -9.04542790e-02  7.27488820e-02
 -9.88252224e-02  1.40099378e-01 -1.03806518e-02 -2.95515544e-03
  6.47939279e-03  3.66538333e-02  1.76912399e-05 -1.00427987e-02
 -5.92293867e-02 -3.89695035e-02  6.36158900e-02  3.85735225e-03
 -1.00844714e-01  9.49319221e-02 -3.36422423e-02 -1.43946129e-01
 -1.11638264e-01 -1.79594036e-02 -1.04469926e-01  1.47618901e-01]"
2020-06-25,https://seekingalpha.com/article/4355742-questions-remain-this-may-now-be-time-for-tesla-semi?source=content_type:react|section:All|sectionAsset:Analysis|first_level_url:symbol|button:Title|lock_status:No|line:4,"Questions Remain, But This May Now Be The Time For The Tesla Semi",115 Comments,"[-0.16996387  0.11208412 -0.00210547  0.13215908 -0.05721195  0.01905568
 -0.09601943 -0.06195018 -0.03606043  0.02062317 -0.0560208  -0.08605908
 -0.19789883  0.02654828 -0.12885432  0.09541491  0.09987459  0.16842477
 -0.01836529  0.00859057 -0.24755928 -0.03625055  0.10734753  0.01713295
 -0.07850081  0.02474118 -0.24967045  0.05423298 -0.02488053 -0.03075944
 -0.0126844   0.02396745 -0.07114525 -0.11219949 -0.13016182  0.09145732
 -0.21543813  0.11792523 -0.06143139  0.08720231 -0.03596418 -0.04623
  0.06035084  0.0856372   0.04710901 -0.02850561 -0.03277601 -0.16889353
 -0.11211768  0.0792308  -0.16995575  0.23678282 -0.02522769  0.22413866
  0.05079741  0.1371049  -0.1588724  -0.10685685 -0.00338448 -0.15499115
 -0.13300754 -0.07838862 -0.19005705 -0.05833283 -0.04576655 -0.19579162
 -0.10110706  0.1168761  -0.05463461  0.04639537  0.02660221 -0.07160638
  0.03996034 -0.01284743 -0.03299422 -0.0119219   0.13370432  0.01659598
  0.01785699 -0.09176917 -0.13894059 -0.01096383 -0.03654734 -0.00322887
  0.12787569  0.07041863 -0.02170004  0.21829274  0.02507543  0.05499886
  0.01715253  0.02237178 -0.03924936 -0.12390287  0.04574937  0.10540275
 -0.08688987  0.09661536  0.25177082 -0.01584089 -0.07145967 -0.0100222
 -0.06427678 -0.01056398 -0.05257318  0.13772471 -0.07685141  0.05060023
 -0.00166345  0.02225837 -0.12878333 -0.17244035 -0.04406361 -0.04675389
  0.06081815  0.15596049  0.07447362 -0.04445862 -0.01925464 -0.02583928
  0.11232667  0.06980532 -0.01155673  0.03043734  0.12405806 -0.16153796
 -0.09722117 -0.00930757  0.05697407  0.10449019 -0.06613407 -0.02050483
 -0.07417098 -0.05085841 -0.15993245  0.07349195 -0.04048584  0.03581208
  0.22947752  0.13809372  0.19577077 -0.06363497  0.04420654 -0.03540256
 -0.06552666 -0.09494837 -0.04905729  0.15892224 -0.052474    0.02531611
  0.06717639 -0.2934311  -0.05936836 -0.04544967 -0.10536312 -0.09081334
  0.08114191  0.16989242 -0.0316801  -0.02837087  0.01997556  0.08437363
  0.00984258  0.00489778 -0.01597389 -0.04440721  0.16277753  0.03956198
 -0.10454647  0.08431948 -0.11374912 -0.0905303  -0.04254726 -0.07210603
 -0.01899515  0.21899846  0.2433586  -0.20933369  0.01206578 -0.08459315
  0.00032559  0.02184063  0.04404121 -0.04054766 -0.02706713  0.06918121
 -0.04652188  0.07266387 -0.03138064  0.03428309  0.1160372  -0.05292357
 -0.24353524 -0.02069481  0.117936    0.04555753 -0.05832092 -0.0114864
  0.07027599 -0.09464327 -0.10723984  0.01971446 -0.1966863  -0.12577002
  0.0652882  -0.07543169 -0.03673695  0.10334904 -0.04278535  0.15264867
  0.14538053  0.08008481 -0.14059298  0.00456869 -0.08700076  0.05089617
  0.15583718 -0.06075748 -0.15357342  0.00172067 -0.12073834  0.12996465
  0.07010243 -0.01368647  0.00729943 -0.07825529  0.05943965  0.05077686
  0.00674532 -0.14306626  0.02236511 -0.04810249 -0.08843219  0.01239908
  0.00519954  0.01975557  0.05147311  0.09267393  0.08228077  0.09261664
  0.08656612  0.08769297  0.26273808 -0.06016367 -0.01263185  0.080934
 -0.14589584  0.15311429  0.0436092  -0.07633488  0.07133118  0.02670249
  0.05543466  0.0992939  -0.01381418 -0.11657902 -0.04307993  0.05786979
  0.03000733 -0.08354847  0.06922507 -0.01433374  0.09646786 -0.01813799
 -0.08419917  0.01600869  0.00204543  0.00215127 -0.01007401 -0.05742421
 -0.07265072 -0.01810786  0.03614295  0.00940868  0.07485955 -0.07844935
 -0.1632716  -0.13264775 -0.0969793   0.06619579 -0.10190289  0.14891523
 -0.00301919  0.00578217  0.00279868  0.05596337 -0.00499115 -0.01879776
 -0.05849797 -0.04490134  0.06823731 -0.00659097 -0.0977339   0.09178913
 -0.02870661 -0.15476196 -0.10547414 -0.01978335 -0.10612852  0.15213253]","[-1.40667364e-01  8.78690630e-02  1.01401831e-03  1.29060045e-01
 -5.01214489e-02  1.75325125e-02 -9.59504843e-02 -7.46343285e-02
 -3.02986447e-02  2.62386892e-02 -5.90597019e-02 -7.68746734e-02
 -1.75872743e-01  1.64259691e-02 -1.27520248e-01  9.33231190e-02
  1.08458243e-01  1.58828244e-01 -2.50557419e-02  7.96071533e-03
 -2.31941089e-01 -3.91420051e-02  1.00429654e-01  2.23642439e-02
 -7.45829865e-02  2.21240390e-02 -2.42602751e-01  5.82817756e-02
 -1.21059828e-02 -2.87540238e-02 -2.39169952e-02  1.60946194e-02
 -6.94813281e-02 -1.32320926e-01 -1.34359762e-01  8.30261037e-02
 -1.91185594e-01  1.25527859e-01 -6.33786321e-02  8.60532001e-02
 -2.66659837e-02 -4.22142856e-02  5.24951927e-02  8.57199952e-02
  3.85721624e-02 -1.85226239e-02 -2.86193676e-02 -1.63588211e-01
 -1.02745056e-01  6.74462989e-02 -1.72882184e-01  2.24655688e-01
 -1.55149139e-02  2.08435103e-01  3.89995202e-02  1.39072195e-01
 -1.52184740e-01 -1.04089431e-01 -7.21458439e-03 -1.42809212e-01
 -1.31607234e-01 -7.45941922e-02 -1.82437152e-01 -7.04087093e-02
 -3.60857882e-02 -1.84565857e-01 -9.52261463e-02  1.13631837e-01
 -3.60559411e-02  5.36617637e-02  2.10294574e-02 -7.54800066e-02
  4.63847928e-02 -9.31713916e-03 -2.99028736e-02 -2.36036186e-03
  1.22240163e-01  8.52096733e-03  6.10130420e-03 -8.60301554e-02
 -1.32956535e-01 -2.20871605e-02 -2.73001380e-02  2.13614875e-03
  1.16166614e-01  6.74037263e-02 -3.64151038e-02  2.09136620e-01
  4.17982563e-02  5.35921231e-02  3.87460808e-03  1.78911779e-02
 -4.14969251e-02 -1.16170861e-01  4.09770906e-02  9.65596363e-02
 -7.56897330e-02  9.58164930e-02  2.39020810e-01 -4.35197586e-03
 -5.81209362e-02 -8.95710383e-03 -6.93485886e-02 -1.71495825e-02
 -4.92194295e-02  1.24724798e-01 -7.81383440e-02  3.26911137e-02
 -9.66574997e-03  6.42640283e-03 -1.07180901e-01 -1.52913928e-01
 -5.70879094e-02 -6.57773167e-02  5.79045415e-02  1.44907624e-01
  7.40249157e-02 -3.12681012e-02 -1.58473533e-02 -1.64600518e-02
  9.86058563e-02  6.32270500e-02  1.98166250e-04  2.39085983e-02
  1.28556028e-01 -1.54985428e-01 -8.22268650e-02  9.72407032e-03
  6.32799715e-02  1.04475297e-01 -4.68374565e-02 -1.59801673e-02
 -6.75443411e-02 -5.81024662e-02 -1.44955367e-01  6.97247311e-02
 -4.08756509e-02  4.14845273e-02  2.06586525e-01  1.43559799e-01
  1.75122738e-01 -5.02374023e-02  4.23191264e-02 -2.79537253e-02
 -6.67262748e-02 -1.00639477e-01 -2.96270810e-02  1.56833008e-01
 -5.86272515e-02  8.59185494e-03  8.10989887e-02 -2.83639818e-01
 -6.46716356e-02 -5.26484698e-02 -1.12435065e-01 -7.10664317e-02
  8.22103918e-02  1.62385285e-01 -3.72855067e-02 -1.50443902e-02
  1.77403912e-02  7.50121772e-02  3.15973163e-02  1.37313381e-02
 -1.27399340e-02 -2.58190539e-02  1.54335245e-01  4.52542678e-02
 -1.05688035e-01  8.09358433e-02 -1.19091615e-01 -8.74081552e-02
 -3.31568271e-02 -7.40825236e-02 -2.81938165e-02  2.04114288e-01
  2.16698632e-01 -1.95817590e-01  3.70262261e-03 -6.61383644e-02
 -4.00366588e-03  1.45677878e-02  5.23958728e-02 -1.27131762e-02
 -3.21172737e-02  4.51729819e-02 -3.22486497e-02  6.36440888e-02
 -1.56180914e-02  1.92301478e-02  1.09156340e-01 -6.68673292e-02
 -2.22816050e-01 -3.25827710e-02  9.75678787e-02  5.24840727e-02
 -4.27364781e-02 -5.15479920e-03  6.78701103e-02 -1.00294553e-01
 -1.18656397e-01  2.91235652e-02 -1.85356230e-01 -1.15327075e-01
  5.61987758e-02 -6.90757483e-02 -4.80292179e-02  9.87561941e-02
 -4.45856676e-02  1.33654907e-01  1.42486155e-01  6.36495352e-02
 -1.34564951e-01  2.58006039e-03 -8.94024968e-02  5.21684401e-02
  1.51874825e-01 -5.76630011e-02 -1.37557402e-01 -6.08968828e-03
 -1.21591210e-01  1.26614615e-01  5.77672608e-02 -8.90225079e-03
  1.23971952e-02 -7.35359043e-02  3.39353681e-02  4.69614901e-02
  1.71685312e-03 -1.39293015e-01  1.36893122e-02 -3.86368223e-02
 -8.66139829e-02  2.28664968e-02 -6.05195668e-03  1.46557577e-02
  4.52611484e-02  8.08952004e-02  7.66359419e-02  8.09434578e-02
  7.42117912e-02  1.02698885e-01  2.46929035e-01 -6.95546269e-02
 -6.56893337e-03  7.59731010e-02 -1.32902101e-01  1.48272157e-01
  3.30599807e-02 -7.35747665e-02  6.24622554e-02  3.93490382e-02
  4.61937822e-02  9.83015448e-02 -3.28606949e-03 -1.01850472e-01
 -3.56002711e-02  4.30622585e-02  2.64845826e-02 -9.01064351e-02
  7.10683390e-02 -1.41414329e-02  8.59962925e-02 -2.33794171e-02
 -6.68104365e-02  1.30827483e-02 -2.79982132e-03  9.57733113e-03
 -6.71207346e-03 -5.46611175e-02 -6.00919202e-02 -1.50437066e-02
  3.00710835e-02 -1.14863319e-02  7.60453790e-02 -6.87226504e-02
 -1.61484689e-01 -1.19480841e-01 -8.97912830e-02  7.02660307e-02
 -9.77991745e-02  1.40743926e-01 -1.18811009e-02 -1.81309180e-03
  6.00952329e-03  3.71592455e-02  1.60440255e-03 -1.19065316e-02
 -5.89274094e-02 -3.73515859e-02  6.20832406e-02  6.06755679e-03
 -9.83049795e-02  9.50616449e-02 -3.55748981e-02 -1.43300712e-01
 -1.11024797e-01 -1.79025475e-02 -1.06943421e-01  1.49504796e-01]"
2020-06-25,https://seekingalpha.com/article/4355640-tesla-v2g-technology-dramatically-increase-demand-and-sales-of-all-models?source=content_type:react|section:All|sectionAsset:Analysis|first_level_url:symbol|button:Title|lock_status:No|line:5,Tesla V2G Technology Could Dramatically Increase Demand And Sales Of All Models,481 Comments,"[-0.16234204  0.10811482 -0.00589493  0.13145562 -0.05488468  0.02275074
 -0.08813042 -0.05669258 -0.03855655  0.0232904  -0.0563596  -0.08626794
 -0.1968898   0.02006947 -0.12597887  0.09562416  0.09895168  0.16858868
 -0.01289841  0.00944116 -0.24842513 -0.04106518  0.10798448  0.02058327
 -0.08201706  0.02917587 -0.24882434  0.05810156 -0.02321334 -0.02878151
 -0.01090509  0.01937706 -0.07052496 -0.11685983 -0.13505949  0.0885611
 -0.20824187  0.11804304 -0.0631571   0.08549109 -0.0376163  -0.04915145
  0.05490144  0.08814746  0.04765456 -0.02371925 -0.03377322 -0.1680955
 -0.11160213  0.07947108 -0.1744844   0.23854357 -0.02473213  0.21799707
  0.04359081  0.137507   -0.16014451 -0.10093484 -0.0060855  -0.15490252
 -0.13500774 -0.0722956  -0.19053112 -0.06336292 -0.03919005 -0.19010615
 -0.10142292  0.11546936 -0.05133378  0.05449468  0.02796449 -0.07188489
  0.04225685 -0.00897212 -0.03219578 -0.00844422  0.1334407   0.01524427
  0.01450735 -0.09022776 -0.13679276 -0.01365814 -0.03100106 -0.00245724
  0.12042795  0.0653104  -0.02338243  0.2148892   0.02478266  0.0564032
  0.01639769  0.02582559 -0.03635262 -0.12540658  0.04487758  0.10342415
 -0.08339325  0.09749793  0.2484629  -0.01529555 -0.06634074 -0.00629332
 -0.06405079 -0.01577016 -0.05402326  0.1370443  -0.07879204  0.04640758
 -0.00493094  0.01374189 -0.12624186 -0.17041896 -0.041825   -0.05290589
  0.06004265  0.1563643   0.077107   -0.038575   -0.02002812 -0.02572878
  0.1119099   0.06551572 -0.00702821  0.02700355  0.12383822 -0.15957628
 -0.09260706 -0.00782745  0.06305751  0.10718782 -0.06284675 -0.0209919
 -0.0685811  -0.04606821 -0.16048524  0.07167707 -0.03833797  0.03592365
  0.22943628  0.13646907  0.19016957 -0.06051938  0.04343695 -0.03486762
 -0.06547936 -0.09422278 -0.05035264  0.15671916 -0.05155185  0.02298316
  0.07150019 -0.29390678 -0.05741906 -0.04117398 -0.10598166 -0.08564833
  0.08102663  0.17038095 -0.03313436 -0.02963174  0.01847372  0.08580231
  0.00979846  0.00728474 -0.01252492 -0.04056621  0.1619813   0.0408677
 -0.10552705  0.08764356 -0.11493634 -0.09963674 -0.04065724 -0.07254734
 -0.02375251  0.21445103  0.23736127 -0.21038006  0.01623789 -0.07879623
 -0.00173397  0.02250408  0.04627934 -0.03511992 -0.02906555  0.06481838
 -0.04571043  0.06718431 -0.02669974  0.03171609  0.11004168 -0.05470302
 -0.23574896 -0.02273685  0.11616425  0.04743095 -0.05956309 -0.01017432
  0.06584436 -0.09358858 -0.1107484   0.02148123 -0.19360392 -0.12612855
  0.07004135 -0.07323686 -0.03736548  0.10194642 -0.04365145  0.15129364
  0.14652325  0.07583784 -0.14192426  0.00264347 -0.08797515  0.05272596
  0.15689483 -0.06663965 -0.14644425  0.00146982 -0.11940908  0.13185808
  0.06880455 -0.01238804  0.00760233 -0.07906389  0.05592059  0.05409481
  0.0075142  -0.14001127  0.01914585 -0.04907827 -0.08968579  0.01705647
 -0.00067132  0.02112774  0.05225829  0.08752597  0.08674964  0.08700599
  0.08376823  0.09313087  0.26271108 -0.05882994 -0.01371052  0.07867928
 -0.14130434  0.14871845  0.03851808 -0.07607956  0.06704903  0.02790799
  0.04930095  0.09816045 -0.01132005 -0.11648513 -0.04413717  0.05032143
  0.03160876 -0.08344688  0.0720151  -0.01441464  0.09549624 -0.02510764
 -0.08532038  0.014098    0.00069151  0.00530482 -0.01039519 -0.05577657
 -0.06825576 -0.01718015  0.03906785  0.01058617  0.07855788 -0.07586044
 -0.16728549 -0.1308443  -0.09830388  0.06866729 -0.09585403  0.15076436
  0.00204988  0.00125857  0.00823406  0.05050154 -0.00747418 -0.01592846
 -0.05992165 -0.04091045  0.06854647 -0.00844644 -0.09725465  0.09250107
 -0.02581596 -0.14940725 -0.10493284 -0.02303129 -0.10652266  0.14994736]","[-0.11710306  0.07353242  0.01090979  0.11860059 -0.06360396  0.01235837
 -0.09811361 -0.10060079 -0.03328208  0.03195735 -0.04301232 -0.07115555
 -0.13900383  0.01265042 -0.14540996  0.08925148  0.10809942  0.13136189
 -0.01933091  0.00818981 -0.20202734 -0.02668205  0.0935673   0.01982801
 -0.06871141  0.02062625 -0.22608906  0.04794156  0.00690941 -0.02836988
 -0.04366799 -0.00376993 -0.06716426 -0.15609765 -0.12000731  0.08269586
 -0.15325297  0.1310709  -0.07579051  0.08931833 -0.01691384 -0.03374501
  0.03532078  0.0734395   0.02929425  0.00317543 -0.01804572 -0.14646435
 -0.08425241  0.06582755 -0.17093961  0.21121256  0.00972816  0.18311515
  0.0236567   0.1498946  -0.15627809 -0.11521928  0.00069526 -0.12556966
 -0.13044262 -0.07535113 -0.1789047  -0.08275864 -0.04508577 -0.15403174
 -0.09123705  0.12351352 -0.02675278  0.04854961  0.04165799 -0.08930606
  0.04406536 -0.02081618 -0.03186746  0.00760114  0.102406   -0.00119382
  0.01574295 -0.08325583 -0.1389483  -0.03619086 -0.02273878 -0.00408502
  0.10602929  0.05826799 -0.07451488  0.21509588  0.06155375  0.05056555
 -0.01812167  0.0098483  -0.05224456 -0.11325812  0.02821334  0.09193562
 -0.07567675  0.09684528  0.22417745  0.00889089 -0.03312271 -0.01178842
 -0.06411186 -0.01867644 -0.03263516  0.09893573 -0.07349668  0.01654646
 -0.02047972 -0.00869363 -0.08028278 -0.13418886 -0.0750532  -0.07967574
  0.04608316  0.12744011  0.0749274  -0.02416048 -0.0146334  -0.01016663
  0.08677714  0.05889545  0.00697528  0.0109508   0.11997518 -0.14699161
 -0.07613072  0.04456858  0.06909578  0.09934856 -0.01982948 -0.0124142
 -0.07108287 -0.06330444 -0.13429981  0.05890476 -0.04316362  0.04518253
  0.16681232  0.1469943   0.16102189 -0.03159557  0.05125193 -0.0245173
 -0.07750851 -0.0978507  -0.01696325  0.15465534 -0.06639527 -0.0102835
  0.08125523 -0.24972858 -0.08477138 -0.06080765 -0.10314933 -0.04652219
  0.09622677  0.13180137 -0.02611735 -0.00130063  0.0214519   0.05997092
  0.05625019  0.00589712 -0.01248201 -0.01275009  0.15335527  0.05797912
 -0.10981411  0.04907513 -0.10966403 -0.07930969 -0.0531573  -0.09289922
 -0.03049754  0.20268397  0.20365252 -0.1847996  -0.01533048 -0.04385909
 -0.01646036  0.00436158  0.06807988  0.00671968 -0.03199945  0.02445972
 -0.00816079  0.04656526 -0.00333332  0.00343993  0.09738191 -0.08305626
 -0.21042047 -0.04069664  0.08285882  0.06216834 -0.02228082  0.00463028
  0.06202278 -0.11082046 -0.11218803  0.02738823 -0.1631431  -0.09421135
  0.02361495 -0.06528416 -0.06243218  0.09008531 -0.04269433  0.1014766
  0.1388      0.03971682 -0.11049476  0.00590342 -0.08835113  0.04498073
  0.14891092 -0.03355875 -0.1159676  -0.03419454 -0.1119526   0.11268729
  0.04111977 -0.00096784  0.00653415 -0.05463066  0.0116894   0.03814676
  0.00462009 -0.13573936  0.00913921 -0.01941909 -0.08631174  0.02121763
 -0.00381058  0.00362168  0.05069971  0.06724807  0.06047996  0.06828833
  0.07095587  0.10776518  0.21832235 -0.07331339 -0.00857974  0.05720835
 -0.11146247  0.13642794  0.03951988 -0.05533071  0.05218806  0.05998698
  0.03146144  0.09745994  0.00704601 -0.06943677 -0.03465408  0.03863138
  0.01338902 -0.11913659  0.0473075  -0.01814418  0.08623835 -0.03830634
 -0.04777398  0.0128923  -0.00921647  0.01180199 -0.00058528 -0.0353503
 -0.01971181 -0.0124963   0.00822263 -0.03275662  0.05828825 -0.06809518
 -0.1496348  -0.11219683 -0.07846336  0.06539174 -0.1057975   0.11899661
 -0.02186932 -0.00435271 -0.0031111   0.01815513  0.00928698 -0.00663251
 -0.05546473 -0.04375809  0.05753504 -0.00503524 -0.10264083  0.08569869
 -0.0316391  -0.13667709 -0.11475384 -0.00425857 -0.10457858  0.14492959]"
2020-06-30,https://seekingalpha.com/article/4355897-tesla-watching-q2-coronavirus-deliveries?source=content_type:react|section:All|sectionAsset:Analysis|first_level_url:symbol|button:Title|lock_status:No|line:2,Tesla: Watching Q2 Coronavirus Deliveries,173 Comments,"[-1.38904735e-01  9.02732015e-02  7.74915738e-04  1.26915053e-01
 -5.35098128e-02  1.97569001e-02 -9.25878584e-02 -7.54301548e-02
 -3.07599436e-02  2.89323069e-02 -5.87188713e-02 -8.09902325e-02
 -1.76995069e-01  1.54249873e-02 -1.28450349e-01  9.21898037e-02
  1.11891575e-01  1.58980146e-01 -2.12699287e-02  6.89422898e-03
 -2.34257370e-01 -4.10449803e-02  1.01700641e-01  2.06205938e-02
 -7.45446086e-02  2.22270396e-02 -2.42154777e-01  5.64908311e-02
 -1.28770284e-02 -2.83123665e-02 -2.63770651e-02  1.42742591e-02
 -7.19817206e-02 -1.35539517e-01 -1.37232006e-01  8.20108056e-02
 -1.92026451e-01  1.27498582e-01 -6.39433116e-02  8.70807767e-02
 -2.72165705e-02 -4.48551960e-02  5.03950268e-02  8.76745433e-02
  4.27658036e-02 -2.15586461e-02 -2.65553892e-02 -1.66211694e-01
 -1.05169393e-01  6.74718022e-02 -1.74900278e-01  2.27879539e-01
 -1.37900012e-02  2.05543414e-01  3.64005491e-02  1.37293875e-01
 -1.55490920e-01 -9.95933190e-02 -5.75799635e-03 -1.43504769e-01
 -1.32625073e-01 -7.12235793e-02 -1.83994710e-01 -7.00123906e-02
 -3.62610221e-02 -1.81653187e-01 -9.43460763e-02  1.13290012e-01
 -3.15191224e-02  5.68190292e-02  2.38255020e-02 -7.30900019e-02
  4.56608124e-02 -1.10316435e-02 -2.76972502e-02 -1.39872893e-03
  1.21911786e-01  6.89238356e-03  6.81909639e-03 -8.54385123e-02
 -1.34889230e-01 -1.97030678e-02 -2.57549994e-02  1.79983163e-03
  1.14465378e-01  6.48231432e-02 -3.98136638e-02  2.09341660e-01
  4.00252976e-02  5.66779077e-02  4.99852048e-03  1.89282168e-02
 -3.92975658e-02 -1.14582412e-01  3.92105915e-02  9.65674892e-02
 -7.54094720e-02  9.46770832e-02  2.38342524e-01 -3.89278098e-03
 -5.60558103e-02 -4.77562193e-03 -6.60358667e-02 -1.68199893e-02
 -5.15348054e-02  1.24789298e-01 -7.76569992e-02  3.05174999e-02
 -1.07910391e-02  6.30848343e-03 -1.07922882e-01 -1.56949073e-01
 -5.74774593e-02 -6.58947825e-02  5.91118559e-02  1.46315187e-01
  7.79428855e-02 -2.73491759e-02 -1.70388184e-02 -1.92528795e-02
  1.02083914e-01  6.58774525e-02  2.01600068e-03  2.16759760e-02
  1.24374531e-01 -1.53798342e-01 -8.35851282e-02  8.10375158e-03
  6.45002872e-02  1.05557427e-01 -4.75003086e-02 -1.85967870e-02
 -6.55951425e-02 -5.82042336e-02 -1.46190315e-01  6.89122230e-02
 -4.03139591e-02  4.08205427e-02  2.02786610e-01  1.46315485e-01
  1.76257476e-01 -4.69761565e-02  4.61680219e-02 -3.13911773e-02
 -6.65826052e-02 -9.96064395e-02 -3.24556530e-02  1.54691115e-01
 -5.72003052e-02  7.83459935e-03  8.11624601e-02 -2.82404840e-01
 -6.46993965e-02 -5.16910776e-02 -1.12500288e-01 -6.73427284e-02
  8.19750354e-02  1.64168239e-01 -3.62896435e-02 -1.58405993e-02
  1.63533539e-02  7.71086514e-02  3.25609744e-02  1.23176957e-02
 -9.98023618e-03 -2.31206045e-02  1.56979606e-01  4.57949974e-02
 -1.06892042e-01  7.97357112e-02 -1.18047275e-01 -9.08314213e-02
 -3.34680676e-02 -7.46764392e-02 -2.99284253e-02  2.04320788e-01
  2.20630288e-01 -1.94348350e-01  7.03982962e-03 -6.71289787e-02
 -6.26385305e-03  1.55398780e-02  5.14316484e-02 -1.40294535e-02
 -3.43462639e-02  4.94355448e-02 -3.06081977e-02  6.37292638e-02
 -1.20510003e-02  1.82598829e-02  1.07878804e-01 -6.77084178e-02
 -2.17844576e-01 -3.09299342e-02  1.00952826e-01  5.11788428e-02
 -4.36105207e-02 -4.04230645e-03  6.46431223e-02 -1.03269912e-01
 -1.17374510e-01  2.86837220e-02 -1.81130394e-01 -1.18702650e-01
  5.73938750e-02 -6.95385635e-02 -4.63455617e-02  9.90676060e-02
 -4.47394289e-02  1.33690044e-01  1.42828733e-01  6.36457950e-02
 -1.33017346e-01  6.68331864e-04 -9.00992379e-02  4.90840934e-02
  1.54141575e-01 -6.29158616e-02 -1.36071235e-01 -8.58356152e-03
 -1.20341331e-01  1.27357855e-01  5.79448491e-02 -6.98832981e-03
  8.34246632e-03 -7.57170618e-02  3.32370438e-02  4.86370921e-02
 -1.12935035e-04 -1.37779966e-01  1.71027407e-02 -3.89669016e-02
 -8.70103836e-02  2.13039331e-02 -6.24637539e-03  1.67617053e-02
  4.57950085e-02  7.64357224e-02  8.03609267e-02  8.11122581e-02
  7.29210824e-02  1.02793075e-01  2.48459145e-01 -6.58999681e-02
 -1.01656290e-02  7.60966390e-02 -1.32848844e-01  1.47950903e-01
  3.26047502e-02 -7.25762695e-02  6.53197691e-02  4.20916751e-02
  4.49995324e-02  1.00210950e-01 -1.61075185e-03 -1.00927673e-01
 -3.60258594e-02  4.26351577e-02  2.74280515e-02 -8.95547941e-02
  6.94106445e-02 -1.34604964e-02  8.89514163e-02 -2.59150621e-02
 -6.70336187e-02  1.34695312e-02 -2.63347453e-03  1.26434872e-02
 -7.54068373e-03 -5.22785261e-02 -5.91431782e-02 -1.43768713e-02
  3.12566161e-02 -9.20644496e-03  7.66924769e-02 -6.69971928e-02
 -1.63397074e-01 -1.20649070e-01 -8.87379125e-02  7.41096959e-02
 -9.43018720e-02  1.40965059e-01 -1.06441360e-02 -4.30235546e-03
  7.16501987e-03  3.80217545e-02 -4.57344926e-04 -5.94981620e-03
 -5.96243404e-02 -3.58237363e-02  6.38122633e-02  3.19103478e-03
 -1.01582915e-01  9.55082327e-02 -3.30869481e-02 -1.43909737e-01
 -1.11154914e-01 -2.14347951e-02 -1.07579596e-01  1.48486614e-01]","[-1.36014953e-01  8.75218436e-02  1.92957558e-03  1.26470760e-01
 -5.35139814e-02  1.86594166e-02 -9.42136049e-02 -7.87509754e-02
 -2.98892651e-02  2.92862616e-02 -5.86683750e-02 -7.97419995e-02
 -1.72925577e-01  1.51042491e-02 -1.30038872e-01  9.15849209e-02
  1.11657560e-01  1.56642020e-01 -2.18977574e-02  6.02239976e-03
 -2.31221750e-01 -3.99459116e-02  1.00366876e-01  2.07122080e-02
 -7.33010843e-02  2.14779582e-02 -2.41079450e-01  5.62268980e-02
 -1.14754178e-02 -2.78226193e-02 -2.81429738e-02  1.32874604e-02
 -7.16615617e-02 -1.38511464e-01 -1.35876030e-01  8.12941417e-02
 -1.87523514e-01  1.28754824e-01 -6.48148209e-02  8.68638903e-02
 -2.53181122e-02 -4.34582233e-02  4.96374629e-02  8.65526944e-02
  4.07595150e-02 -1.92905981e-02 -2.51837615e-02 -1.64584249e-01
 -1.02456644e-01  6.63860962e-02 -1.74691841e-01  2.25773081e-01
 -1.13102784e-02  2.03253716e-01  3.46377976e-02  1.37810484e-01
 -1.54084563e-01 -9.99071375e-02 -5.82605693e-03 -1.40990272e-01
 -1.32358626e-01 -7.10243434e-02 -1.82205394e-01 -7.17305094e-02
 -3.57334875e-02 -1.80654749e-01 -9.35545340e-02  1.13567494e-01
 -2.99032778e-02  5.59920743e-02  2.36791000e-02 -7.48331621e-02
  4.58719283e-02 -1.19916806e-02 -2.74997409e-02 -2.46956024e-05
  1.20263301e-01  5.86432777e-03  6.75295014e-03 -8.46221447e-02
 -1.34471133e-01 -2.06533000e-02 -2.54771486e-02  1.51333481e-03
  1.12901464e-01  6.40546605e-02 -4.30431552e-02  2.09351853e-01
  4.29529510e-02  5.68910353e-02  3.49479262e-03  1.75437648e-02
 -3.96777019e-02 -1.12914667e-01  3.84011790e-02  9.54540446e-02
 -7.44223371e-02  9.52994525e-02  2.36648321e-01 -2.60517979e-03
 -5.38482070e-02 -5.12197940e-03 -6.62710816e-02 -1.77354403e-02
 -5.00124805e-02  1.22400962e-01 -7.78336450e-02  2.86826827e-02
 -1.25053590e-02  4.38839383e-03 -1.04718730e-01 -1.54080808e-01
 -5.93947582e-02 -6.87238947e-02  5.85780591e-02  1.44871905e-01
  7.72112682e-02 -2.62439866e-02 -1.61139853e-02 -1.85559485e-02
  1.00560486e-01  6.48873299e-02  3.32022668e-03  2.02636085e-02
  1.24509700e-01 -1.52709961e-01 -8.17530528e-02  1.16125569e-02
  6.56757504e-02  1.05084591e-01 -4.45710085e-02 -1.77326892e-02
 -6.57457262e-02 -5.93818836e-02 -1.43422797e-01  6.84475899e-02
 -4.01187427e-02  4.26292568e-02  1.98444828e-01  1.47100791e-01
  1.74300909e-01 -4.61277515e-02  4.60432097e-02 -3.00837625e-02
 -6.77348301e-02 -9.95154381e-02 -2.95387413e-02  1.54763639e-01
 -5.80757670e-02  6.15887763e-03  8.19110945e-02 -2.79639214e-01
 -6.63376972e-02 -5.30269854e-02 -1.12853825e-01 -6.41949475e-02
  8.21841732e-02  1.61966264e-01 -3.63702513e-02 -1.43446233e-02
  1.71987582e-02  7.56002739e-02  3.59501429e-02  1.34368539e-02
 -9.81725566e-03 -2.21552961e-02  1.55852079e-01  4.72986847e-02
 -1.07750066e-01  7.71545023e-02 -1.17967889e-01 -8.87989849e-02
 -3.29046920e-02 -7.62714669e-02 -3.08785550e-02  2.03251138e-01
  2.17032492e-01 -1.92072675e-01  4.92789270e-03 -6.43537641e-02
 -6.35453733e-03  1.47800436e-02  5.35438396e-02 -1.02147814e-02
 -3.48447077e-02  4.65671308e-02 -2.72404328e-02  6.19407892e-02
 -9.94895585e-03  1.59061402e-02  1.06906071e-01 -7.04143569e-02
 -2.15473592e-01 -3.26653048e-02  9.88519862e-02  5.20431735e-02
 -4.07443643e-02 -2.83979368e-03  6.46726862e-02 -1.04137927e-01
 -1.17691919e-01  3.03805545e-02 -1.79539502e-01 -1.16521999e-01
  5.45080304e-02 -6.80406168e-02 -4.76134531e-02  9.80588794e-02
 -4.46322151e-02  1.30690768e-01  1.42492533e-01  6.05388172e-02
 -1.31539688e-01  1.43501430e-03 -9.02176797e-02  4.89902236e-02
  1.53031647e-01 -6.09374233e-02 -1.33890539e-01 -1.00818621e-02
 -1.20273001e-01  1.26847163e-01  5.68203032e-02 -6.03443384e-03
  9.31991823e-03 -7.35789388e-02  3.01469974e-02  4.79186550e-02
  7.33924971e-05 -1.36564985e-01  1.58680528e-02 -3.66601981e-02
 -8.72402340e-02  2.16619801e-02 -6.36219466e-03  1.57653913e-02
  4.52739745e-02  7.47965127e-02  7.92850032e-02  7.97941685e-02
  7.22448379e-02  1.04380101e-01  2.45334759e-01 -6.70586377e-02
 -9.35622957e-03  7.60170519e-02 -1.30942747e-01  1.47301763e-01
  3.10088638e-02 -7.15884492e-02  6.45515844e-02  4.46226113e-02
  4.36562933e-02  1.00003056e-01 -4.11371089e-04 -9.79823321e-02
 -3.57898325e-02  4.12508212e-02  2.67684963e-02 -9.19888914e-02
  6.83313534e-02 -1.37540968e-02  8.82302672e-02 -2.62966659e-02
 -6.43796846e-02  1.34566249e-02 -3.43128527e-03  1.33375311e-02
 -6.21554861e-03 -5.09446524e-02 -5.70416711e-02 -1.41609814e-02
  3.03693395e-02 -1.26838861e-02  7.58057907e-02 -6.62284046e-02
 -1.62948653e-01 -1.19371623e-01 -8.82291123e-02  7.46162757e-02
 -9.53228101e-02  1.39080822e-01 -1.23189008e-02 -4.65566618e-03
  6.98393723e-03  3.62033658e-02  8.48362688e-04 -5.57638844e-03
 -5.96710108e-02 -3.58352624e-02  6.27090558e-02  5.18549886e-03
 -1.01747908e-01  9.54483673e-02 -3.33553217e-02 -1.42376140e-01
 -1.11950748e-01 -2.00521089e-02 -1.06565505e-01  1.48160100e-01]"
2020-06-30,https://seekingalpha.com/news/3586613-bezos-copycat-elon-musk-comments-on-amazons-zoox-purchase?source=content_type:react|section:All|sectionAsset:News|first_level_url:symbol|button:Title|lock_status:No|line:1,Bezos a copycat - Elon Musk comments on Amazon's Zoox purchase,197 Comments,"[-0.16426292  0.10080501  0.00245767  0.13037224 -0.04389059  0.00438279
 -0.10635711 -0.06809342 -0.03391374  0.01580437 -0.0541626  -0.07089338
 -0.1843349   0.03029678 -0.13058692  0.09899405  0.08325975  0.15771002
 -0.0238559   0.00413475 -0.23970246 -0.03277684  0.09549931  0.0282414
 -0.07167551  0.02720266 -0.24811174  0.059745   -0.01417661 -0.02957976
 -0.01317785  0.02384109 -0.05607571 -0.11696135 -0.1196247   0.09272823
 -0.19409552  0.12929618 -0.05714851  0.08763596 -0.03913655 -0.03578526
  0.0620916   0.08539546  0.03818769 -0.0255827  -0.04021547 -0.1587113
 -0.09534189  0.06619789 -0.17195182  0.21555494 -0.01706382  0.2210946
  0.052996    0.13372095 -0.15485021 -0.10940246 -0.01307717 -0.14274861
 -0.13590023 -0.08601365 -0.18365784 -0.05413597 -0.03430095 -0.20222889
 -0.09520862  0.11344637 -0.05805687  0.03961612  0.0188612  -0.07323717
  0.0553145  -0.01368144 -0.03585543 -0.00631704  0.12793301  0.01009539
  0.01398652 -0.09188661 -0.12028939 -0.01856918 -0.03171786  0.00461012
  0.12167841  0.06615675 -0.02921424  0.21414165  0.03783787  0.0418947
  0.00695877  0.01566403 -0.04794754 -0.12800182  0.04658953  0.09821035
 -0.07932346  0.09904762  0.24123773 -0.01164375 -0.06476806 -0.0224089
 -0.06642232 -0.020879   -0.04391575  0.13309452 -0.08002015  0.05255376
 -0.01793802  0.01172899 -0.11014464 -0.15836193 -0.0430631  -0.05576767
  0.05557682  0.1493668   0.06822138 -0.04270733 -0.01726467 -0.01401331
  0.09467778  0.0600607  -0.00868957  0.02082275  0.13347049 -0.14680849
 -0.07731909 -0.00121114  0.06092457  0.09515579 -0.05715607 -0.00890396
 -0.07937019 -0.04822562 -0.13634136  0.06907166 -0.03906384  0.03695928
  0.222558    0.1422807   0.18870196 -0.06587593  0.02855967 -0.01623273
 -0.06514613 -0.10257632 -0.0412679   0.16544776 -0.06162829  0.02545577
  0.07148518 -0.29760092 -0.05218035 -0.0446565  -0.10677249 -0.08356268
  0.08242545  0.15681154 -0.03349323 -0.0262587   0.01960917  0.06706443
  0.01984245  0.00669741 -0.02658789 -0.04801338  0.15325066  0.03858092
 -0.10750195  0.07449991 -0.12051554 -0.08679697 -0.03655834 -0.07521722
 -0.02277305  0.21603614  0.2245646  -0.19875169  0.00181624 -0.07717925
  0.01175061  0.01385775  0.05096789 -0.01694252 -0.02371072  0.053873
 -0.04269419  0.0553684  -0.02054684  0.02670905  0.11927418 -0.05563192
 -0.23963857 -0.03098424  0.10022853  0.04521481 -0.04776872 -0.01634556
  0.07628118 -0.09243019 -0.10429531  0.02995229 -0.20491377 -0.11044072
  0.06009251 -0.06514881 -0.04341934  0.09669098 -0.04293134  0.14370163
  0.13634421  0.06890276 -0.14024913  0.00892013 -0.09005919  0.05889807
  0.14840674 -0.05002509 -0.14536709  0.00961486 -0.12010226  0.13218626
  0.0605045  -0.01068063  0.0137949  -0.06852622  0.04673114  0.05060574
  0.01110582 -0.1433247   0.00416713 -0.05194706 -0.09080521  0.02614998
  0.00529054  0.00804667  0.05341155  0.09131538  0.0643454   0.08351076
  0.08149523  0.08868468  0.2546472  -0.06885273  0.00585706  0.07339047
 -0.13494624  0.15169723  0.05452501 -0.0774352   0.05248888  0.03591498
  0.05623471  0.1053936  -0.02193133 -0.1101951  -0.03452562  0.05227632
  0.03368548 -0.08085666  0.07820493 -0.01630122  0.08709487 -0.02332294
 -0.07702737  0.01618436 -0.00404745  0.00897451 -0.00976873 -0.05781215
 -0.07269971 -0.01443979  0.02746199 -0.00387731  0.07245447 -0.07474848
 -0.15777205 -0.13500193 -0.09181581  0.0629636  -0.10755377  0.13817577
 -0.01652752  0.00760935  0.00257864  0.03869521  0.00156783 -0.01514141
 -0.06074503 -0.04469419  0.0637716   0.00840276 -0.08826645  0.09085217
 -0.02867332 -0.15003948 -0.11221936 -0.00842964 -0.10373193  0.14978218]","[-1.00484215e-01  1.02322049e-01  3.64854606e-03  1.07611760e-01
 -5.48129603e-02  7.97220841e-02 -5.08049875e-02 -4.86111119e-02
 -7.51274973e-02  3.32099050e-02 -2.39128545e-02 -7.49036968e-02
 -2.59006083e-01  4.97639962e-02 -1.45670578e-01  8.24245885e-02
  1.59520462e-01  1.50526255e-01 -6.56127930e-03 -2.94664176e-03
 -2.72189677e-01 -6.01671003e-02  1.46430120e-01  6.33985698e-02
 -7.11534321e-02  7.58138224e-02 -2.71348745e-01  7.99153671e-02
 -2.24473737e-02  3.48307304e-02 -2.83626989e-02  1.31318830e-02
 -6.32188618e-02 -1.54941142e-01 -1.46362305e-01  7.57649764e-02
 -1.79524735e-01  1.37858078e-01 -8.21656138e-02  1.05468750e-01
 -1.11972384e-01 -7.53038228e-02  4.12733294e-02  1.20435923e-01
  1.52520072e-02 -6.92409948e-02 -1.68389212e-02 -2.34592021e-01
 -1.77029073e-01  6.21202253e-02 -2.16159403e-01  2.67849386e-01
 -1.01589626e-02  2.26982966e-01  3.22808162e-03  6.46430105e-02
 -1.85601130e-01 -2.42919922e-02  2.53295898e-02 -1.66775167e-01
 -1.82020396e-01 -1.06411405e-01 -1.86713323e-01 -8.82351100e-02
 -4.55898717e-02 -1.24810115e-01 -8.42285156e-02  1.17987737e-01
 -9.27734375e-03  6.20659739e-02  6.35850728e-02 -8.04307759e-02
  4.79600690e-02 -3.20095476e-03 -7.42662251e-02  2.22846139e-02
  1.29903153e-01  3.14771868e-02 -5.96449105e-03 -1.14718966e-01
 -1.37912333e-01 -1.69474278e-02 -4.69292514e-03  7.67686637e-03
  1.31001785e-01  3.81673165e-02 -4.80957031e-02  2.38118485e-01
  2.08282471e-02  9.75748673e-02  1.00368925e-03  4.77159284e-02
 -7.55479606e-03 -1.21046275e-01  3.83368582e-02  1.17143422e-01
 -8.61680806e-02  1.26125753e-01  2.53472209e-01 -2.15386283e-02
 -3.98220494e-02  2.03586146e-02 -5.04828542e-02 -2.76150182e-02
 -9.51605886e-02  1.09537758e-01 -6.59857839e-02  4.60713692e-02
 -1.61539707e-02  4.98589426e-02 -1.34453669e-01 -1.45290792e-01
 -8.37131068e-02 -1.56453457e-02  1.01833768e-01  1.22572154e-01
  1.04858398e-01 -1.24782985e-02 -4.73497175e-02 -7.27403462e-02
  1.14685059e-01  7.35812709e-02  3.41389962e-02 -2.15793177e-02
  4.93164062e-02 -1.17702909e-01 -1.37315542e-01 -1.76323783e-02
  9.00336355e-02  1.01209849e-01 -6.37139231e-02 -8.90977681e-02
 -3.87980156e-02 -5.47349714e-02 -1.63513184e-01  5.65109253e-02
 -9.05219167e-02  2.13894323e-02  2.09309891e-01  1.39180496e-01
  1.94281682e-01 -3.55453491e-02  1.08886719e-01 -3.62413190e-02
 -6.04383685e-02 -8.36147740e-02 -1.18910044e-01  1.26166448e-01
 -4.27110456e-02  6.48057759e-02  9.62863490e-02 -3.41362834e-01
 -4.88891602e-02 -5.89328334e-02 -7.92371929e-02 -6.70572892e-02
  6.39309362e-02  1.61878794e-01 -3.74891497e-02 -6.84238002e-02
 -1.84461800e-03  8.00238699e-02 -2.43326817e-02 -3.61260325e-02
 -7.75824673e-03 -2.78828945e-02  1.70111760e-01  4.12597656e-02
 -1.33327901e-01  1.19533964e-01 -1.36277944e-01 -1.20008677e-01
 -4.11478691e-02 -7.97932968e-02 -6.28526509e-02  2.03531906e-01
  2.35677078e-01 -1.38020828e-01  7.21910298e-02 -6.96072057e-02
  1.97075736e-02 -3.83843319e-03  4.08253148e-02 -7.38796666e-02
 -5.66406250e-02  1.11109413e-01 -3.62209752e-02  4.50168177e-02
 -1.60047747e-02  5.51147461e-02  4.92418073e-02 -5.52029070e-03
 -2.66710073e-01 -1.37837725e-02  1.33083761e-01  5.99839948e-02
 -9.31820348e-02 -2.59060338e-02  6.25254288e-02 -1.05292425e-01
 -6.99056014e-02  5.50130196e-02 -2.18519419e-01 -1.58094615e-01
  8.98166224e-02 -5.42670339e-02 -4.53423411e-02  9.82055664e-02
 -7.65821664e-03  1.25162765e-01  1.47433817e-01  9.29904506e-02
 -1.32948130e-01 -6.32052962e-03 -7.93728307e-02 -2.54720058e-02
  1.23128258e-01 -1.44192159e-01 -1.36555985e-01 -6.64605061e-04
 -1.42089844e-01  1.39587402e-01  2.41563581e-02 -2.65129935e-02
 -2.67198347e-02 -8.23025182e-02  1.04966909e-01  5.68576381e-02
 -4.48926305e-03 -1.03420682e-01  6.36494979e-02 -3.36312205e-02
 -6.76066056e-02  1.55300563e-02  1.36176217e-02 -1.24619799e-02
  6.06825091e-02  1.13480039e-01  1.47352427e-01  7.29709193e-02
  7.78537318e-02  1.12141930e-01  2.95789927e-01 -4.95334193e-02
 -5.94067052e-02  8.78906250e-02 -1.62509501e-01  1.44538030e-01
 -1.74711808e-03 -6.51177317e-02  9.94194895e-02  9.63134766e-02
  5.80308698e-02  8.97861049e-02 -1.39431423e-02 -8.15582275e-02
 -6.14420585e-02  1.10853404e-01  1.07828772e-03 -7.92643204e-02
  6.96072057e-02 -6.79016113e-04  1.37288406e-01 -6.09571673e-02
 -1.25888407e-01  2.48752162e-02 -1.74424909e-02  2.28915736e-02
 -3.56292725e-02 -7.67144114e-02 -4.86924909e-02  2.15928815e-02
  1.33463545e-02  7.61515275e-02  9.71679688e-02 -8.42352957e-02
 -1.82508677e-01 -1.57063797e-01 -1.05902776e-01  8.80737305e-02
 -1.07076012e-01  1.52560771e-01  3.10465489e-02 -4.56356481e-02
  2.00297032e-02  6.26288503e-02  1.22511126e-02  5.51418737e-02
 -4.70106341e-02  5.05337194e-02  8.79991353e-02 -1.80664062e-02
 -1.17484197e-01  9.40212682e-02  4.06901054e-05 -1.43988714e-01
 -8.79177526e-02 -1.76459420e-02 -1.21120878e-01  1.22036405e-01]"
2020-07-01,https://seekingalpha.com/article/4355962-stocks-to-watch-fireworks-for-nikola-tesla-and-micron?source=content_type:react|section:All|sectionAsset:Analysis|first_level_url:symbol|button:Title|lock_status:No|line:1,"Stocks To Watch: Fireworks For Nikola, Tesla And Micron",92 Comments,"[-1.53053716e-01  1.02533333e-01  1.14055295e-02  1.26472071e-01
 -6.28663823e-02  9.20576323e-03 -1.06711984e-01 -7.71107376e-02
 -3.34763192e-02  2.38330644e-02 -4.36926186e-02 -7.74095729e-02
 -1.64825648e-01  3.00408695e-02 -1.46936715e-01  9.46645662e-02
  9.21594873e-02  1.49527609e-01 -2.36094184e-02 -2.16994551e-03
 -2.27050200e-01 -1.86060984e-02  1.03245452e-01  1.42978821e-02
 -7.53787234e-02  2.57710163e-02 -2.39667609e-01  4.92313281e-02
 -1.53691536e-02 -2.65506469e-02 -2.54014693e-02  2.01205630e-02
 -7.20446408e-02 -1.32524595e-01 -1.17601529e-01  8.76856670e-02
 -1.71505928e-01  1.30617887e-01 -7.12962374e-02  8.51761624e-02
 -2.98285484e-02 -3.25428657e-02  4.92152609e-02  7.64390230e-02
  3.24168913e-02 -9.48359445e-03 -3.38953435e-02 -1.52765885e-01
 -9.14047137e-02  6.89056963e-02 -1.72864601e-01  2.17158481e-01
 -5.14087296e-05  2.08729386e-01  4.03603949e-02  1.40670359e-01
 -1.52280584e-01 -1.09265484e-01  2.57055298e-03 -1.36655465e-01
 -1.32833570e-01 -8.16440955e-02 -1.76658615e-01 -6.59208149e-02
 -4.24444266e-02 -1.89000189e-01 -9.74958241e-02  1.21847801e-01
 -5.00193611e-02  3.32303755e-02  3.97807360e-02 -8.63138139e-02
  4.29347567e-02 -1.40845599e-02 -3.51395905e-02 -4.52635519e-04
  1.21746607e-01  8.94139893e-03  2.26071142e-02 -8.34042877e-02
 -1.33904427e-01 -2.33887546e-02 -3.68578918e-02 -7.42141111e-03
  1.16511233e-01  6.16048947e-02 -5.45914061e-02  2.28082985e-01
  4.06152681e-02  5.48551492e-02  6.67266967e-03  7.49600306e-03
 -3.88654955e-02 -1.20904252e-01  3.49268652e-02  9.62509811e-02
 -9.38026607e-02  1.02816872e-01  2.41701186e-01 -1.59891900e-02
 -6.24115765e-02 -1.92583147e-02 -6.45845905e-02 -1.77033730e-02
 -3.92455719e-02  1.19822428e-01 -7.49253854e-02  3.63700762e-02
 -2.65175942e-02  4.37759748e-03 -1.02727808e-01 -1.56654686e-01
 -4.75228615e-02 -6.40467703e-02  5.25527224e-02  1.42986089e-01
  7.48235732e-02 -3.77367958e-02 -1.52470600e-02 -2.12704465e-02
  9.76063907e-02  6.79990500e-02 -3.02180508e-03  4.89864172e-03
  1.16344564e-01 -1.54632404e-01 -8.92580822e-02  1.36184609e-02
  6.98209703e-02  9.40270647e-02 -5.07915318e-02 -1.64718926e-02
 -7.55388215e-02 -5.10234684e-02 -1.36658087e-01  6.52395487e-02
 -3.65631692e-02  4.46779989e-02  1.98363215e-01  1.46508276e-01
  1.86756194e-01 -6.17531203e-02  3.98502685e-02 -2.95899604e-02
 -7.09086210e-02 -9.92652103e-02 -3.25269885e-02  1.57897428e-01
 -6.04736581e-02  2.07636338e-02  6.90248609e-02 -2.72624224e-01
 -6.33650795e-02 -5.89015856e-02 -9.84494612e-02 -6.64952993e-02
  8.45243931e-02  1.50182083e-01 -1.49379391e-02 -2.20462494e-02
  2.49471068e-02  6.88646287e-02  2.31803320e-02  6.26304233e-03
 -1.44999847e-02 -4.77544852e-02  1.55522689e-01  4.89956029e-02
 -1.14843905e-01  6.00753725e-02 -1.05089515e-01 -8.01533237e-02
 -4.80420291e-02 -8.95554498e-02 -2.05495488e-02  2.20399648e-01
  2.23114952e-01 -1.92677781e-01 -7.77046336e-03 -5.84794208e-02
  1.03048356e-02  1.37776006e-02  5.85689284e-02 -1.64307617e-02
 -2.22476404e-02  5.20154275e-02 -2.04077512e-02  4.86584976e-02
 -1.36006735e-02  2.29094736e-02  1.10692397e-01 -6.71917051e-02
 -2.37875968e-01 -3.20479386e-02  1.04966253e-01  4.43924665e-02
 -3.85608636e-02 -7.53949117e-03  7.52439499e-02 -1.00063600e-01
 -1.01822346e-01  2.22618990e-02 -1.92027360e-01 -1.05988927e-01
  3.67421582e-02 -6.70528039e-02 -4.19673435e-02  9.11817178e-02
 -3.74285728e-02  1.34656250e-01  1.42811701e-01  5.76068945e-02
 -1.25071064e-01  1.60457809e-02 -8.33057687e-02  4.34093475e-02
  1.49609447e-01 -4.46961969e-02 -1.38142735e-01 -9.03884135e-03
 -1.17892273e-01  1.26757547e-01  6.23470545e-02 -3.32688214e-03
  3.04527231e-03 -5.83220571e-02  3.95709425e-02  5.34293652e-02
  1.42838173e-02 -1.26655802e-01  1.01927565e-02 -3.01568788e-02
 -9.44374204e-02  1.26782460e-02  1.25811826e-02  9.24361590e-03
  5.21195829e-02  8.59997869e-02  6.95981905e-02  8.65590051e-02
  9.06307027e-02  8.66212696e-02  2.39609227e-01 -6.60159141e-02
 -1.11506449e-03  7.30017200e-02 -1.31487101e-01  1.36769712e-01
  5.12892120e-02 -5.99397644e-02  5.67336120e-02  4.40347940e-02
  5.19509688e-02  1.04800016e-01 -8.96529295e-03 -9.71580818e-02
 -3.85111570e-02  5.40915206e-02  1.97218582e-02 -9.87974778e-02
  6.18964285e-02 -2.03628000e-02  9.68096703e-02 -3.03572994e-02
 -6.53423518e-02  2.38552038e-02 -1.57910108e-03  6.69293664e-03
 -3.82404681e-03 -3.89871597e-02 -5.53202443e-02 -1.62270013e-02
  2.22619344e-02 -1.09877642e-02  6.50444478e-02 -7.39827380e-02
 -1.59668893e-01 -1.32541135e-01 -9.96724069e-02  6.46586269e-02
 -1.17127232e-01  1.27702579e-01 -1.88294947e-02  9.71684698e-03
 -4.04945429e-04  3.81129012e-02 -1.14717556e-03 -1.84893087e-02
 -5.31043820e-02 -4.72991653e-02  6.19766302e-02 -1.92294642e-03
 -9.42071453e-02  8.91178101e-02 -2.73446087e-02 -1.53499007e-01
 -1.13561831e-01 -5.78808924e-03 -1.02819912e-01  1.38150170e-01]","[-0.13690521  0.08726364  0.00089072  0.13052294 -0.05076246  0.0160892
 -0.09562077 -0.07218213 -0.02896831  0.02844653 -0.05952646 -0.07779584
 -0.1731735   0.01516435 -0.12903488  0.09100015  0.10854369  0.16211441
 -0.02410639  0.00368997 -0.23578654 -0.04170378  0.10081114  0.02067435
 -0.0731613   0.01813931 -0.24517684  0.06001778 -0.01522103 -0.02831871
 -0.02534412  0.01523248 -0.07130872 -0.13497578 -0.13679287  0.08331144
 -0.18877609  0.12999369 -0.0634755   0.08807169 -0.02257255 -0.04196326
  0.04910605  0.08541663  0.0398986  -0.0193943  -0.02964499 -0.16614251
 -0.10355602  0.06648539 -0.17660187  0.22416165 -0.01523595  0.2059481
  0.03679983  0.13804983 -0.15005392 -0.10298815 -0.00637172 -0.14270833
 -0.1340757  -0.07427225 -0.18127407 -0.06782166 -0.03379918 -0.18785645
 -0.09676942  0.11433362 -0.03178829  0.05415822  0.02122365 -0.07558832
  0.04753825 -0.01168747 -0.02904051 -0.00623781  0.1225682   0.00585944
  0.00382857 -0.08315973 -0.13411528 -0.02233436 -0.02646135  0.00321633
  0.11248352  0.06567659 -0.03831127  0.2149375   0.04129658  0.05656271
  0.00664423  0.01918122 -0.03914777 -0.11492363  0.03753139  0.09516901
 -0.07694042  0.095912    0.23590279 -0.0058219  -0.05759025 -0.00887574
 -0.06782668 -0.01968559 -0.04882876  0.12477437 -0.07828813  0.03168949
 -0.01545999  0.00263599 -0.10497225 -0.15323682 -0.05565059 -0.06844907
  0.05753818  0.14736383  0.07692691 -0.02504605 -0.01554309 -0.01526884
  0.09837597  0.06497682  0.00587734  0.02129772  0.12691839 -0.15827765
 -0.08101728  0.00877593  0.06145075  0.10632874 -0.04643892 -0.01625944
 -0.06841239 -0.06007944 -0.14526041  0.06806799 -0.03887509  0.04474282
  0.20398396  0.14889011  0.17371106 -0.04800193  0.04587075 -0.0289329
 -0.06663693 -0.09924415 -0.0308719   0.15540422 -0.06000655  0.00984795
  0.08168852 -0.28313348 -0.06485046 -0.05422458 -0.11477461 -0.06616022
  0.08003274  0.16359791 -0.03606015 -0.0154104   0.01770359  0.07595317
  0.03183559  0.01438449 -0.01214956 -0.02313212  0.1544305   0.04643514
 -0.10701316  0.07933851 -0.1195616  -0.08965897 -0.03075225 -0.07312733
 -0.02928921  0.20585376  0.21955065 -0.19276178  0.00416518 -0.0647693
 -0.00601695  0.01533983  0.05401099 -0.00987476 -0.03278881  0.04565849
 -0.02807019  0.06291571 -0.01351948  0.01599236  0.10924529 -0.07116724
 -0.2185321  -0.02949051  0.09813217  0.051774   -0.03970146 -0.00491235
  0.06617146 -0.10228523 -0.11804916  0.03245329 -0.18251348 -0.11637264
  0.05527259 -0.06876641 -0.04773958  0.09865109 -0.04295909  0.13400455
  0.1416064   0.06270885 -0.13403264  0.00331128 -0.08964581  0.04799642
  0.15342282 -0.06088908 -0.13400683 -0.00879071 -0.12046767  0.13110688
  0.05990196 -0.00697325  0.01112532 -0.07405223  0.03206697  0.05290075
  0.00310866 -0.13550574  0.01372675 -0.03731569 -0.08926025  0.02027497
 -0.00591497  0.01565989  0.04223013  0.07999884  0.07802042  0.08283076
  0.07526185  0.10276667  0.24811544 -0.07072796 -0.00632802  0.07673599
 -0.13392076  0.14590913  0.03253549 -0.06994852  0.06183438  0.04160487
  0.04537106  0.09907474 -0.00407401 -0.10253591 -0.03368966  0.04242375
  0.0279035  -0.0901105   0.07075535 -0.01521806  0.08628915 -0.02681402
 -0.06760911  0.01606933 -0.00177487  0.01077487 -0.00511358 -0.05412721
 -0.06141435 -0.01443769  0.03133942 -0.01079808  0.07898789 -0.06507689
 -0.1653796  -0.12099872 -0.08826933  0.07378241 -0.0954758   0.14213838
 -0.01196051 -0.00418982  0.00676883  0.035057    0.00066605 -0.00807301
 -0.05791489 -0.03758777  0.06253155  0.00287791 -0.09908053  0.10000831
 -0.03432314 -0.1427108  -0.11369519 -0.01906168 -0.10574133  0.14440843]"
